id,data_inversa,dia_semana,horario,uf,br,km,municipio,causa_acidente,tipo_acidente,classificacao_acidente,fase_dia,sentido_via,condicao_metereologica,tipo_pista,tracado_via,uso_solo,pessoas,mortos,feridos_leves,feridos_graves,ilesos,ignorados,feridos,veiculos,latitude,longitude,regional,delegacia,uop
652493,2025-01-01,quarta-feira,06:20:00,SP,116,225,GUARULHOS,Reação tardia ou ineficiente do condutor,Tombamento,Com Vítimas Feridas,Pleno dia,Decrescente,Céu Claro,Múltipla,Reta;Declive,Sim,2,0,1,0,0,1,1,2,"-23,48586772","-46,54075317",SPRF-SP,DEL01-SP,UOP01-DEL01-SP
652519,2025-01-01,quarta-feira,07:50:00,CE,116,"546,2",PENAFORTE,Pista esburacada,Colisão frontal,NA,Pleno dia,Crescente,Céu Claro,Simples,Reta,Não,6,1,1,0,1,4,1,6,"-7,812288","-39,08333306",SPRF-CE,DEL05-CE,UOP03-DEL05-CE
652522,2025-01-01,quarta-feira,08:45:00,PR,369,"88,2",CORNELIO PROCOPIO,Reação tardia ou ineficiente do condutor,Colisão traseira,Com Vítimas Feridas,Pleno dia,Crescente,Sol,Dupla,Reta;Aclive,Sim,5,0,3,0,2,0,3,2,"-23,182565","-50,637228",SPRF-PR,DEL07-PR,UOP05-DEL07-PR
652544,2025-01-01,quarta-feira,11:00:00,PR,116,74,CAMPINA GRANDE DO SUL,Reação tardia ou ineficiente do condutor,Saída de leito carroçável,Com Vítimas Feridas,Pleno dia,Crescente,Céu Claro,Dupla,Reta,Não,5,0,1,0,4,0,1,2,"-25,36517687","-49,04223028",SPRF-PR,DEL01-PR,UOP02-DEL01-PR
652549,2025-01-01,quarta-feira,09:30:00,MG,251,471,FRANCISCO SA,Velocidade Incompatível,Colisão frontal,Com Vítimas Feridas,Pleno dia,Decrescente,Chuva,Simples,Curva;Declive,Não,5,0,1,1,1,2,2,4,"-16,46801304","-43,43121303",SPRF-MG,DEL12-MG,UOP01-DEL12-MG
652569,2025-01-01,quarta-feira,10:40:00,MT,70,669,CACERES,Transitar na contramão,Colisão frontal,Com Vítimas Fatais,Pleno dia,Crescente,Céu Claro,Simples,Reta,Não,4,2,0,0,1,2,0,5,"-16,04148578","-57,25884017",SPRF-MT,DEL03-MT,UOP02-DEL03-MT
652573,2025-01-01,quarta-feira,12:23:00,RS,116,376,TAPES,Ausência de reação do condutor,Saída de leito carroçável,Com Vítimas Feridas,Pleno dia,Decrescente,Céu Claro,Dupla,Reta,Não,2,0,1,0,0,1,1,2,"-30,739714","-51,62594",SPRF-RS,DEL02-RS,UOP02-DEL02-RS
652617,2025-01-01,quarta-feira,17:45:00,SC,101,"207,4",SAO JOSE,Ausência de reação do condutor,Colisão traseira,Com Vítimas Feridas,Pleno dia,Crescente,Nublado,Dupla,Reta,Sim,2,0,1,0,1,0,1,2,"-27,60001226","-48,6226467",SPRF-SC,DEL01-SC,UOP01-DEL01-SC
652625,2025-01-01,quarta-feira,18:40:00,MG,116,"708,5",MURIAE,Velocidade Incompatível,Tombamento,Com Vítimas Fatais,Anoitecer,Crescente,Nublado,Simples,Curva,Não,2,1,0,0,0,1,0,2,"-21,16328873","-42,37968988",SPRF-MG,DEL07-MG,UOP02-DEL07-MG
652648,2025-01-01,quarta-feira,17:00:00,PE,407,"7,4",AFRANIO,Demais falhas mecânicas ou elétricas,Incêndio,Sem Vítimas,Pleno dia,Crescente,Céu Claro,Simples,Aclive;Curva,Não,2,0,0,0,2,0,0,1,"-8,47503105","-41,0137105",SPRF-PE,DEL06-PE,UOP02-DEL06-PE
652655,2025-01-01,quarta-feira,20:20:00,SC,101,327,CAPIVARI DE BAIXO,Ingestão de álcool pelo condutor,Colisão com objeto,Sem Vítimas,Pleno dia,Decrescente,Garoa/Chuvisco,Dupla,Curva;Interseção de Vias,Sim,3,0,0,0,2,1,0,3,"-28,42800492","-48,88171497",SPRF-SC,DEL02-SC,UOP01-DEL02-SC
652656,2025-01-01,quarta-feira,20:00:00,MG,381,530,RIO MANSO,Ausência de reação do condutor,Colisão traseira,Sem Vítimas,Plena Noite,Decrescente,Chuva,Dupla,Curva,Não,2,0,0,0,1,1,0,2,"-20,17327539","-44,37545454",SPRF-MG,DEL04-MG,UOP03-DEL04-MG
652671,2025-01-01,quarta-feira,21:00:00,PB,405,"51,8",MARIZOPOLIS,Ingestão de álcool pelo condutor,Colisão frontal,Com Vítimas Feridas,Plena Noite,Decrescente,Céu Claro,Simples,Curva,Sim,5,0,0,4,1,0,4,2,"-6,846113","-38,366341",SPRF-PB,DEL03-PB,UOP03-DEL03-PB
652687,2025-01-02,quinta-feira,05:45:00,MG,116,"708,5",MURIAE,Velocidade Incompatível,Tombamento,Com Vítimas Feridas,Pleno dia,Crescente,Céu Claro,Simples,Curva,Não,6,0,2,1,2,1,3,6,"-21,16328873","-42,37968988",SPRF-MG,DEL07-MG,UOP02-DEL07-MG
652691,2025-01-01,quarta-feira,19:00:00,SC,153,"117,8",CONCORDIA,Ausência de reação do condutor,Saída de leito carroçável,Com Vítimas Feridas,Plena Noite,Crescente,Nublado,Simples,Reta;Declive,Não,2,0,1,0,0,1,1,2,"-27,370375","-51,993419",SPRF-SC,DEL07-SC,UOP04-DEL07-SC
652701,2025-01-02,quinta-feira,07:20:00,PR,116,125,FAZENDA RIO GRANDE,Ausência de reação do condutor,Colisão traseira,Com Vítimas Feridas,Pleno dia,Crescente,Sol,Dupla,Reta,Sim,4,0,0,1,1,2,1,4,"-25,59505309","-49,31630659",SPRF-PR,DEL01-PR,UOP03-DEL01-PR
652703,2025-01-02,quinta-feira,07:15:00,PB,230,"105,6",MOGEIRO,Condutor Dormindo,Saída de leito carroçável,Com Vítimas Feridas,Pleno dia,Crescente,Céu Claro,Dupla,Reta,Não,1,0,1,0,0,0,1,1,"-7,2075","-35,5248",SPRF-PB,DEL01-PB,UOP02-DEL01-PB
652719,2025-01-02,quinta-feira,06:42:00,MT,163,1102,GUARANTA DO NORTE,Ausência de reação do condutor,Tombamento,Com Vítimas Feridas,Pleno dia,Crescente,Garoa/Chuvisco,Dupla,Curva;Aclive,Não,4,0,1,2,0,1,3,2,"-9,77791545","-54,90365982",SPRF-MT,DEL06-MT,UOP03-DEL06-MT
652720,2025-01-02,quinta-feira,06:30:00,PR,163,"137,7",CAPITAO LEONIDAS MARQUES,Velocidade Incompatível,Colisão com objeto,Com Vítimas Fatais,Pleno dia,Crescente,Céu Claro,Dupla,Declive;Reta,Sim,4,1,0,0,1,2,0,4,"-25,5216371","-53,5943858",SPRF-PR,DEL05-PR,UOP05-DEL05-PR
652729,2025-01-02,quinta-feira,08:20:00,MG,40,"627,5",CONSELHEIRO LAFAIETE,Manobra de mudança de faixa,Colisão lateral mesmo sentido,Sem Vítimas,Pleno dia,Crescente,Céu Claro,Simples,Reta,Sim,2,0,0,0,2,0,0,2,"-20,60236514","-43,80699874",SPRF-MG,DEL05-MG,UOP02-DEL05-MG
652736,2025-01-02,quinta-feira,08:19:00,MT,163,826,SINOP,Chuva,Colisão com objeto,Com Vítimas Feridas,Pleno dia,Decrescente,Chuva,Simples,Retorno Regulamentado,Sim,2,0,2,0,0,0,2,1,"-11,9396379","-55,51573103",SPRF-MT,DEL06-MT,UOP02-DEL06-MT
652750,2025-01-02,quinta-feira,11:57:00,PE,232,16,JABOATAO DOS GUARARAPES,Acessar a via sem observar a presença dos outros veículos,Colisão traseira,Com Vítimas Feridas,Pleno dia,Crescente,Céu Claro,Dupla,Reta,Não,2,0,1,0,1,0,1,2,"-8,09414193","-35,03716601",SPRF-PE,DEL01-PE,UOP01-DEL01-PE
652760,2025-01-02,quinta-feira,13:30:00,PR,116,104,SAO JOSE DOS PINHAIS,Manobra de mudança de faixa,Colisão lateral mesmo sentido,Com Vítimas Feridas,Pleno dia,Decrescente,Céu Claro,Múltipla,Reta;Aclive,Não,5,0,1,0,3,2,1,5,"-25,56472785","-49,15859603",SPRF-PR,DEL01-PR,UOP07-DEL01-PR
652761,2025-01-02,quinta-feira,13:20:00,ES,262,"73,2",MARECHAL FLORIANO,Reação tardia ou ineficiente do condutor,Colisão com objeto,Com Vítimas Feridas,Pleno dia,Crescente,Céu Claro,Simples,Ponte;Declive;Curva,Não,2,0,0,1,0,1,1,2,"-20,41066352","-40,88380166",SPRF-ES,DEL01-ES,UOP02-DEL01-ES
652762,2025-01-02,quinta-feira,13:01:00,PE,101,"46,5",IGARASSU,Reação tardia ou ineficiente do condutor,Colisão traseira,Sem Vítimas,Pleno dia,Crescente,Sol,Múltipla,Reta,Sim,3,0,0,0,2,1,0,3,"-7,87406004","-34,90588126",SPRF-PE,DEL01-PE,UOP02-DEL01-PE
652778,2025-01-02,quinta-feira,14:30:00,RJ,101,331,RIO DE JANEIRO,Ausência de reação do condutor,Colisão traseira,Com Vítimas Feridas,Pleno dia,Decrescente,Céu Claro,Dupla,Curva;Ponte,Não,4,0,1,1,2,0,2,2,"-22,867662","-43,195337",SPRF-RJ,DEL02-RJ,UOP01-DEL02-RJ
652781,2025-01-02,quinta-feira,11:30:00,CE,222,292,TIANGUA,Transitar na contramão,Colisão lateral sentido oposto,Com Vítimas Feridas,Pleno dia,Crescente,Sol,Simples,Reta,Não,3,0,0,1,2,0,1,2,"-3,67390203","-40,88486128",SPRF-CE,DEL04-CE,UOP02-DEL04-CE
652793,2025-01-02,quinta-feira,06:50:00,MA,135,124,MIRANDA DO NORTE,Manobra de mudança de faixa,Colisão lateral sentido oposto,Com Vítimas Feridas,Pleno dia,Decrescente,Céu Claro,Simples,Reta,Não,3,0,1,0,2,0,1,3,"-3,54575653","-44,57616778",SPRF-MA,DEL01-MA,UOP02-DEL01-MA
652796,2025-01-02,quinta-feira,14:00:00,RS,287,316,MATA,Condutor Dormindo,Saída de leito carroçável,Com Vítimas Feridas,Pleno dia,Crescente,Céu Claro,Simples,Reta,Não,1,0,0,1,0,0,1,1,"-29,65140716","-54,53287505",SPRF-RS,DEL09-RS,UOP01-DEL09-RS
652806,2025-01-02,quinta-feira,14:00:00,RJ,116,257,PINHEIRAL,Condutor deixou de manter distância do veículo da frente,Colisão traseira,Com Vítimas Feridas,Pleno dia,Decrescente,Nublado,Dupla,Reta,Não,3,0,3,0,0,0,3,2,"-22,58631777","-44,01407302",SPRF-RJ,DEL07-RJ,UOP01-DEL07-RJ
652812,2025-01-02,quinta-feira,19:20:00,RS,290,"347,8",SAO SEPE,Ausência de reação do condutor,Colisão frontal,Com Vítimas Feridas,Anoitecer,Decrescente,Céu Claro,Simples,Curva,Não,4,0,0,2,1,2,2,4,"-30,367035","-53,606186",SPRF-RS,DEL09-RS,UOP02-DEL09-RS
652819,2025-01-02,quinta-feira,19:40:00,TO,230,95,SAO BENTO DO TOCANTINS,Ultrapassagem Indevida,Colisão lateral mesmo sentido,Com Vítimas Feridas,Plena Noite,Crescente,Céu Claro,Simples,Aclive,Não,2,0,1,0,1,0,1,2,"-6,03546808","-47,92978989",SPRF-TO,DEL02-TO,UOP03-DEL02-TO
652821,2025-01-02,quinta-feira,18:20:00,RJ,393,167,TRES RIOS,Reação tardia ou ineficiente do condutor,Saída de leito carroçável,Com Vítimas Feridas,Anoitecer,Decrescente,Céu Claro,Simples,Curva,Sim,3,0,1,0,1,1,1,2,"-22,12309905","-43,20363803",SPRF-RJ,DEL05-RJ,UOP01-DEL05-RJ
652829,2025-01-02,quinta-feira,15:30:00,PR,376,440,TIBAGI,Ausência de reação do condutor,Colisão com objeto,Sem Vítimas,Pleno dia,Crescente,Chuva,Dupla,Curva;Declive,Não,2,0,0,0,1,2,0,3,"-24,803598","-50,490267",SPRF-PR,DEL03-PR,UOP02-DEL03-PR
652830,2025-01-02,quinta-feira,15:00:00,PI,135,"49,5",JERUMENHA,Demais falhas mecânicas ou elétricas,Incêndio,Sem Vítimas,Pleno dia,Crescente,Céu Claro,Simples,Reta,Não,2,0,0,0,1,2,0,3,"-7,13765891","-43,55761904",SPRF-PI,DEL03-PI,UOP01-DEL03-PI
652838,2025-01-02,quinta-feira,20:45:00,GO,364,299,MINEIROS,Reação tardia ou ineficiente do condutor,Colisão traseira,Com Vítimas Fatais,Plena Noite,Crescente,Nublado,Simples,Reta,Sim,3,1,0,0,1,1,0,3,"-17,559059","-52,528431",SPRF-GO,DEL05-GO,UOP01-DEL05-GO
652842,2025-01-02,quinta-feira,17:15:00,PR,369,"413,2",JURANDA,Demais falhas mecânicas ou elétricas,Colisão frontal,Com Vítimas Fatais,Pleno dia,Crescente,Céu Claro,Simples,Reta,Não,7,1,0,3,2,1,3,4,"-24,45282227","-52,84863369",SPRF-PR,DEL04-PR,UOP03-DEL04-PR
652849,2025-01-02,quinta-feira,21:30:00,MG,116,"551,9",SANTA BARBARA DO LESTE,Pedestre andava na pista,Queda de ocupante de veículo,Com Vítimas Feridas,Plena Noite,Crescente,Céu Claro,Simples,Reta,Não,2,0,1,0,1,0,1,2,"-19,98476697","-42,1434265",SPRF-MG,DEL06-MG,UOP02-DEL06-MG
652861,2025-01-03,sexta-feira,00:30:00,GO,20,1,FORMOSA,Reação tardia ou ineficiente do condutor,Colisão lateral sentido oposto,Sem Vítimas,Plena Noite,Crescente,Chuva,Simples,Em Obras;Declive;Curva,Sim,5,0,0,0,4,1,0,2,"-15,579424","-47,334297",SPRF-DF,DEL02-DF,UOP02-DEL02-DF
652862,2025-01-03,sexta-feira,00:10:00,SC,282,"489,4",FAXINAL DOS GUEDES,Ultrapassagem Indevida,Colisão frontal,Com Vítimas Feridas,Plena Noite,Decrescente,Céu Claro,Simples,Reta,Não,8,0,7,0,1,0,7,3,"-26,870375","-52,274731",SPRF-SC,DEL07-SC,UOP01-DEL07-SC
652865,2025-01-03,sexta-feira,03:30:00,MG,381,"484,5",BETIM,Acumulo de água sobre o pavimento,Saída de leito carroçável,Com Vítimas Feridas,Plena Noite,Crescente,Chuva,Múltipla,Curva;Declive,Não,3,0,0,1,1,1,1,3,"-19,95838414","-44,09173965",SPRF-MG,DEL01-MG,UOP03-DEL01-MG
652867,2025-01-03,sexta-feira,04:12:00,PE,101,29,IGARASSU,Manobra de mudança de faixa,Colisão traseira,Sem Vítimas,Amanhecer,Decrescente,Vento,Dupla,Reta,Não,2,0,0,0,2,0,0,2,"-7,72939697","-34,94185854",SPRF-PE,DEL01-PE,UOP02-DEL01-PE
652869,2025-01-03,sexta-feira,05:03:00,ES,101,"294,5",CARIACICA,Ausência de reação do condutor,Engavetamento,Com Vítimas Feridas,Amanhecer,Crescente,Nublado,Dupla,Aclive;Reta,Sim,4,0,0,1,2,4,1,7,"-20,32415948","-40,3952903",SPRF-ES,DEL01-ES,UOP01-DEL01-ES
652873,2025-01-03,sexta-feira,06:10:00,BA,116,"929,3",ENCRUZILHADA,Transitar na contramão,Colisão frontal,Com Vítimas Fatais,Amanhecer,Crescente,Céu Claro,Simples,Declive;Reta,Não,8,5,0,0,2,3,0,6,"-15,66638","-41,31508",SPRF-BA,DEL08-BA,UOP03-DEL08-BA
652883,2025-01-03,sexta-feira,07:08:00,PB,101,86,BAYEUX,Reação tardia ou ineficiente do condutor,Colisão traseira,Com Vítimas Feridas,Pleno dia,Decrescente,Céu Claro,Dupla,Declive,Sim,2,0,0,1,0,1,1,2,"-7,15118983","-34,91012184",SPRF-PB,DEL01-PB,UOP01-DEL01-PB
652885,2025-01-03,sexta-feira,07:30:00,MG,251,"356,9",FRUTA DE LEITE,Reação tardia ou ineficiente do condutor,Tombamento,Com Vítimas Feridas,Pleno dia,Decrescente,Nublado,Simples,Reta,Não,3,0,1,0,1,2,1,3,"-16,27029","-42,56126",SPRF-MG,DEL12-MG,UOP02-DEL12-MG
652889,2025-01-03,sexta-feira,06:30:00,PE,232,276,SERTANIA,Carga excessiva e/ou mal acondicionada,Derramamento de carga,Com Vítimas Feridas,Pleno dia,Crescente,Céu Claro,Simples,Reta,Não,3,0,0,1,1,1,1,2,"-8,37073085","-37,26126285",SPRF-PE,DEL04-PE,UOP02-DEL04-PE
652909,2025-01-03,sexta-feira,10:00:00,SP,116,509,CAJATI,Curva acentuada,Tombamento,Com Vítimas Feridas,Pleno dia,Decrescente,Céu Claro,Simples,Curva;Declive,Não,4,0,3,0,0,1,3,2,"-24,82178987","-48,21419034",SPRF-SP,DEL05-SP,UOP02-DEL05-SP
652918,2025-01-03,sexta-feira,09:10:00,RO,364,15,VILHENA,Área urbana sem a presença de local apropriado para a travessia de pedestres,Colisão lateral sentido oposto,Com Vítimas Feridas,Pleno dia,Decrescente,Nublado,Simples,Reta,Sim,3,0,0,1,1,2,1,4,"-12,73672751","-60,14804088",SPRF-RO,DEL04-RO,UOP01-DEL04-RO
652920,2025-01-03,sexta-feira,11:05:00,PE,232,"5,5",RECIFE,Manobra de mudança de faixa,Colisão lateral mesmo sentido,Sem Vítimas,Pleno dia,Decrescente,Nublado,Dupla,Reta,Sim,4,0,0,0,3,1,0,4,"-8,069481","-34,9491",SPRF-PE,DEL01-PE,UOP01-DEL01-PE
652923,2025-01-03,sexta-feira,11:00:00,SC,101,132,BALNEARIO CAMBORIU,Reação tardia ou ineficiente do condutor,Colisão traseira,Com Vítimas Feridas,Pleno dia,Crescente,Sol,Múltipla,Reta,Sim,3,0,2,0,1,0,2,2,"-26,99654133","-48,65564711",SPRF-SC,DEL04-SC,UOP03-DEL04-SC
652930,2025-01-03,sexta-feira,12:30:00,SP,381,63,MAIRIPORA,Reação tardia ou ineficiente do condutor,Colisão traseira,Com Vítimas Feridas,Pleno dia,Crescente,Nublado,Dupla,Reta;Declive,Não,8,0,1,1,5,2,2,5,"-23,302805","-46,572767",SPRF-SP,DEL03-SP,UOP01-DEL03-SP
652931,2025-01-03,sexta-feira,10:40:00,GO,153,84,PORANGATU,Ausência de reação do condutor,Colisão traseira,Com Vítimas Feridas,Pleno dia,Decrescente,Nublado,Simples,Reta,Não,17,0,1,0,15,1,1,8,"-13,552117","-49,091297",SPRF-GO,DEL07-GO,UOP01-DEL07-GO
652937,2025-01-03,sexta-feira,11:50:00,RS,290,"472,4",ROSARIO DO SUL,Ausência de reação do condutor,Colisão lateral mesmo sentido,Com Vítimas Feridas,Pleno dia,Crescente,Céu Claro,Simples,Reta,Sim,3,0,1,0,1,1,1,3,"-30,244234","-54,837765",SPRF-RS,DEL11-RS,UOP02-DEL11-RS
652938,2025-01-03,sexta-feira,12:20:00,BA,101,"24,7",ESPLANADA,Ausência de reação do condutor,Colisão com objeto,Com Vítimas Feridas,Pleno dia,Decrescente,Céu Claro,Simples,Em Obras;Desvio Temporário;Reta,Não,2,0,1,0,0,2,1,3,"-11,74325485","-37,93913118",SPRF-SE,DEL02-SE,UOP03-DEL02-SE
652940,2025-01-03,sexta-feira,13:12:00,PR,277,"451,5",LARANJEIRAS DO SUL,Desrespeitar a preferência no cruzamento,Colisão transversal,Com Vítimas Feridas,Pleno dia,Crescente,Céu Claro,Simples,Aclive;Interseção de Vias;Reta,Não,7,0,0,1,5,1,1,3,"-25,37488518","-52,38913178",SPRF-PR,DEL04-PR,UOP02-DEL04-PR
652942,2025-01-03,sexta-feira,10:50:00,SC,101,"40,8",JOINVILLE,Estacionar ou parar em local proibido,Colisão traseira,Com Vítimas Fatais,Pleno dia,Decrescente,Sol,Múltipla,Aclive;Reta,Sim,6,1,0,0,2,4,0,6,"-26,3147914","-48,8733576",SPRF-SC,DEL03-SC,UOP01-DEL03-SC
652944,2025-01-03,sexta-feira,11:30:00,MS,158,"131,3",APARECIDA DO TABOADO,Ultrapassagem Indevida,Colisão frontal,Com Vítimas Fatais,Pleno dia,Crescente,Céu Claro,Simples,Curva,Não,2,1,0,1,0,0,1,2,"-19,95497014","-51,1058916",SPRF-MS,DEL08-MS,UOP01-DEL08-MS
652949,2025-01-03,sexta-feira,14:30:00,SC,101,80,BARRA VELHA,Ausência de reação do condutor,Colisão lateral mesmo sentido,Com Vítimas Feridas,Pleno dia,Crescente,Céu Claro,Dupla,Reta,Não,4,0,1,0,2,1,1,3,"-26,59441996","-48,72183309",SPRF-SC,DEL03-SC,UOP02-DEL03-SC
652950,2025-01-03,sexta-feira,14:30:00,MG,40,590,ITABIRITO,Velocidade Incompatível,Colisão com objeto,Com Vítimas Feridas,Pleno dia,Decrescente,Chuva,Dupla,Curva,Não,1,0,1,0,0,0,1,1,"-20,36807799","-43,90982881",SPRF-MG,DEL01-MG,UOP02-DEL01-MG
652956,2025-01-03,sexta-feira,12:50:00,RJ,101,501,ANGRA DOS REIS,Reação tardia ou ineficiente do condutor,Tombamento,Com Vítimas Feridas,Pleno dia,Decrescente,Céu Claro,Simples,Curva,Não,4,0,2,2,0,0,4,1,"-22,92308827","-44,36056298",SPRF-RJ,DEL03-RJ,UOP03-DEL03-RJ
652976,2025-01-03,sexta-feira,17:00:00,ES,101,301,VIANA,Demais falhas mecânicas ou elétricas,Colisão traseira,Com Vítimas Feridas,Pleno dia,Crescente,Nublado,Dupla,Aclive;Retorno Regulamentado,Sim,4,0,1,0,2,3,1,6,"-20,36825561","-40,44406414",SPRF-ES,DEL01-ES,UOP01-DEL01-ES
652982,2025-01-03,sexta-feira,07:30:00,BA,116,578,BREJOES,Demais falhas na via,Tombamento,Sem Vítimas,Pleno dia,Decrescente,Céu Claro,Simples,Curva;Aclive,Não,2,0,0,0,1,1,0,2,"-13,07158302","-39,9611107",SPRF-BA,DEL03-BA,UOP02-DEL03-BA
652988,2025-01-03,sexta-feira,16:40:00,RJ,116,144,DUQUE DE CAXIAS,Condutor deixou de manter distância do veículo da frente,Queda de ocupante de veículo,Com Vítimas Fatais,Pleno dia,Decrescente,Céu Claro,Dupla,Reta,Sim,4,1,0,0,3,0,0,3,"-22,65737709","-43,24724694",SPRF-RJ,DEL01-RJ,UOP02-DEL01-RJ
652989,2025-01-03,sexta-feira,17:30:00,ES,101,"291,8",CARIACICA,Manobra de mudança de faixa,Colisão traseira,Com Vítimas Feridas,Plena Noite,Decrescente,Ignorado,Dupla,Reta,Não,3,0,1,0,1,1,1,3,"-20,29755744","-40,39445616",SPRF-ES,DEL01-ES,UOP01-DEL01-ES
652992,2025-01-03,sexta-feira,14:45:00,MG,381,181,GOVERNADOR VALADARES,Transitar na contramão,Colisão frontal,Com Vítimas Feridas,Pleno dia,Crescente,Nublado,Simples,Reta,Não,3,0,1,0,1,1,1,3,"-19,04766095","-42,15522105",SPRF-MG,DEL06-MG,UOP01-DEL06-MG
652996,2025-01-03,sexta-feira,16:24:00,MT,364,250,JUSCIMEIRA,Ausência de reação do condutor,Colisão traseira,Com Vítimas Feridas,Pleno dia,Crescente,Céu Claro,Dupla,Reta,Sim,6,0,1,0,5,0,1,2,"-16,12029135","-54,85333523",SPRF-MT,DEL02-MT,UOP01-DEL02-MT
652997,2025-01-03,sexta-feira,17:20:00,SP,116,441,REGISTRO,Manobra de mudança de faixa,Saída de leito carroçável,Com Vítimas Feridas,Pleno dia,Crescente,Nublado,Dupla,Reta,Sim,3,0,1,0,1,1,1,2,"-24,4688528","-47,82223728",SPRF-SP,DEL05-SP,UOP01-DEL05-SP
653018,2025-01-03,sexta-feira,10:30:00,RO,429,86,ALVORADA DOESTE,Demais falhas mecânicas ou elétricas,Tombamento,Com Vítimas Feridas,Pleno dia,Crescente,Céu Claro,Simples,Curva;Declive,Não,2,0,1,0,1,0,1,2,"-11,307507","-62,248367",SPRF-RO,DEL02-RO,UOP03-DEL02-RO
653020,2025-01-03,sexta-feira,20:00:00,BA,110,389,SAO SEBASTIAO DO PASSE,Ausência de reação do condutor,Colisão traseira,Com Vítimas Feridas,Plena Noite,Decrescente,Céu Claro,Simples,Aclive;Reta,Não,4,0,1,1,1,1,2,3,"-12,50766107","-38,49626949",SPRF-BA,DEL01-BA,UOP01-DEL01-BA
653021,2025-01-03,sexta-feira,19:40:00,RJ,101,501,ANGRA DOS REIS,Ultrapassagem Indevida,Colisão frontal,Com Vítimas Feridas,Plena Noite,Crescente,Céu Claro,Simples,Reta,Não,3,0,0,2,1,0,2,2,"-22,92308827","-44,36056298",SPRF-RJ,DEL03-RJ,UOP03-DEL03-RJ
653024,2025-01-03,sexta-feira,17:05:00,RJ,116,18,SAPUCAIA,Velocidade Incompatível,Tombamento,Com Vítimas Feridas,Anoitecer,Crescente,Nublado,Simples,Reta,Não,2,0,0,1,0,1,1,2,"-21,98843778","-42,7572571",SPRF-RJ,DEL05-RJ,UOP01-DEL05-RJ
653038,2025-01-03,sexta-feira,21:30:00,RJ,40,108,DUQUE DE CAXIAS,Condutor deixou de manter distância do veículo da frente,Colisão traseira,Com Vítimas Feridas,Plena Noite,Crescente,Ignorado,Múltipla,Reta,Sim,3,0,1,0,1,1,1,3,"-22,66476979","-43,28495144",SPRF-RJ,DEL01-RJ,UOP02-DEL01-RJ
653039,2025-01-03,sexta-feira,17:50:00,MG,153,"219,4",FRUTAL,Transitar na contramão,Colisão frontal,Com Vítimas Fatais,Pleno dia,Crescente,Chuva,Simples,Reta,Não,5,1,1,1,1,1,2,4,"-20,09508657","-49,08695698",SPRF-MG,DEL13-MG,UOP02-DEL13-MG
653044,2025-01-03,sexta-feira,23:00:00,MG,381,"618,1",OLIVEIRA,Ausência de reação do condutor,Saída de leito carroçável,Com Vítimas Feridas,Plena Noite,Decrescente,Nublado,Dupla,Curva,Não,4,0,1,0,2,4,1,7,"-20,76895697","-44,78171707",SPRF-MG,DEL04-MG,UOP01-DEL04-MG
653051,2025-01-04,sábado,00:15:00,RJ,356,69,ITAPERUNA,Ausência de reação do condutor,Colisão traseira,Com Vítimas Feridas,Plena Noite,Decrescente,Garoa/Chuvisco,Simples,Reta,Não,2,0,1,0,1,0,1,2,"-21,37533068","-41,69412374",SPRF-RJ,DEL08-RJ,UOP03-DEL08-RJ
653052,2025-01-03,sexta-feira,23:00:00,MG,116,"802,8",ALEM PARAIBA,Ingestão de álcool pelo condutor,Colisão lateral sentido oposto,Com Vítimas Feridas,Plena Noite,Crescente,Chuva,Simples,Reta,Não,3,0,1,0,1,1,1,3,"-21,77810174","-42,72568662",SPRF-MG,DEL07-MG,UOP01-DEL07-MG
653058,2025-01-04,sábado,02:46:00,RJ,116,313,RESENDE,Condutor Dormindo,Saída de leito carroçável,Com Vítimas Feridas,Plena Noite,Decrescente,Nublado,Dupla,Reta,Não,1,0,0,1,0,0,1,1,"-22,45998766","-44,46237202",SPRF-RJ,DEL07-RJ,UOP02-DEL07-RJ
653060,2025-01-04,sábado,02:50:00,SC,101,"157,7",PORTO BELO,Ausência de reação do condutor,Queda de ocupante de veículo,Com Vítimas Feridas,Plena Noite,Decrescente,Nublado,Dupla,Reta,Sim,2,0,1,0,1,0,1,2,"-27,181625","-48,6121179",SPRF-SC,DEL04-SC,UOP03-DEL04-SC
653062,2025-01-03,sexta-feira,22:45:00,RS,158,"419,5",SAO GABRIEL,Ausência de reação do condutor,Colisão traseira,Com Vítimas Fatais,Plena Noite,Crescente,Céu Claro,Simples,Reta,Não,4,1,0,1,1,1,1,3,"-30,03993268","-54,5918013",SPRF-RS,DEL11-RS,UOP02-DEL11-RS
653066,2025-01-04,sábado,02:15:00,MG,262,549,LUZ,Ausência de reação do condutor,Colisão lateral sentido oposto,Com Vítimas Fatais,Plena Noite,Decrescente,Chuva,Simples,Curva;Aclive,Não,33,1,15,0,16,1,15,3,"-19,72508993","-45,86948395",SPRF-MG,DEL08-MG,UOP02-DEL08-MG
653069,2025-01-04,sábado,03:15:00,PR,277,54,SAO JOSE DOS PINHAIS,Ausência de reação do condutor,Colisão traseira,Com Vítimas Feridas,Plena Noite,Crescente,Céu Claro,Dupla,Reta,Não,3,0,1,0,1,1,1,3,"-25,58964707","-48,93537801",SPRF-PR,DEL01-PR,UOP05-DEL01-PR
653072,2025-01-04,sábado,03:40:00,RS,285,"182,8",CAPAO BONITO DO SUL,Ausência de reação do condutor,Saída de leito carroçável,Com Vítimas Feridas,Plena Noite,Crescente,Céu Claro,Simples,Curva,Não,1,0,0,1,0,0,1,1,"-28,290833","-51,422482",SPRF-RS,DEL08-RS,UOP05-DEL08-RS
653078,2025-01-04,sábado,05:40:00,BA,116,"908,1",CANDIDO SALES,Condutor Dormindo,Colisão frontal,Sem Vítimas,Amanhecer,Decrescente,Nublado,Simples,Reta,Sim,4,0,0,0,2,3,0,5,"-15,50001","-41,23606",SPRF-BA,DEL08-BA,UOP03-DEL08-BA
653093,2025-01-04,sábado,08:30:00,PR,369,422,UBIRATA,Acessar a via sem observar a presença dos outros veículos,Colisão traseira,Sem Vítimas,Pleno dia,Crescente,Sol,Simples,Reta,Não,2,0,0,0,2,0,0,2,"-24,506686","-52,917714",SPRF-PR,DEL04-PR,UOP03-DEL04-PR
653099,2025-01-04,sábado,07:45:00,MG,365,409,PATOS DE MINAS,Pista Escorregadia,Saída de leito carroçável,Com Vítimas Feridas,Pleno dia,Crescente,Chuva,Simples,Curva,Não,5,0,3,0,2,0,3,2,"-18,65228912","-46,51471573",SPRF-MG,DEL10-MG,UOP01-DEL10-MG
653113,2025-01-04,sábado,11:00:00,PR,153,"31,2",SANTO ANTONIO DA PLATINA,Reação tardia ou ineficiente do condutor,Colisão transversal,Com Vítimas Feridas,Pleno dia,Crescente,Céu Claro,Simples,Reta,Não,5,0,3,0,2,0,3,2,"-23,22262134","-50,02015382",SPRF-PR,DEL07-PR,UOP04-DEL07-PR
653116,2025-01-04,sábado,09:00:00,MG,251,"472,9",FRANCISCO SA,Chuva,Colisão lateral sentido oposto,Com Vítimas Feridas,Pleno dia,Crescente,Chuva,Simples,Curva;Declive,Não,11,0,2,0,8,1,2,4,"-16,4669101","-43,43947986",SPRF-MG,DEL12-MG,UOP01-DEL12-MG
653117,2025-01-04,sábado,09:00:00,MT,364,"275,5",JACIARA,Demais falhas mecânicas ou elétricas,Engavetamento,Com Vítimas Feridas,Pleno dia,Decrescente,Nublado,Dupla,Declive;Reta,Não,5,0,3,0,1,1,3,4,"-15,95085604","-54,98237599",SPRF-MT,DEL05-MT,UOP02-DEL05-MT
653118,2025-01-04,sábado,11:20:00,SP,116,567,BARRA DO TURVO,Reação tardia ou ineficiente do condutor,Colisão traseira,Com Vítimas Feridas,Pleno dia,Crescente,Céu Claro,Dupla,Curva,Não,5,0,1,0,3,1,1,2,"-25,0475499","-48,55355172",SPRF-SP,DEL05-SP,UOP02-DEL05-SP
653126,2025-01-04,sábado,07:30:00,BA,116,528,ITATIM,Manobra de mudança de faixa,Colisão lateral sentido oposto,Com Vítimas Feridas,Pleno dia,Crescente,Sol,Simples,Reta,Não,7,0,4,0,2,2,4,4,"-12,71587879","-39,7449061",SPRF-BA,DEL03-BA,UOP02-DEL03-BA
653127,2025-01-04,sábado,12:20:00,TO,10,458,PALMAS,Acumulo de água sobre o pavimento,Queda de ocupante de veículo,Com Vítimas Fatais,Pleno dia,Decrescente,Chuva,Dupla,Reta,Não,4,1,0,0,3,0,0,4,"-10,28046444","-48,29864502",SPRF-TO,DEL01-TO,UOP03-DEL01-TO
653138,2025-01-04,sábado,12:39:00,BA,116,784,PLANALTO,Acessar a via sem observar a presença dos outros veículos,Colisão transversal,Com Vítimas Feridas,Pleno dia,Crescente,Céu Claro,Simples,Reta,Não,3,0,1,0,1,1,1,3,"-14,66603297","-40,46399803",SPRF-BA,DEL08-BA,UOP02-DEL08-BA
653141,2025-01-04,sábado,14:10:00,SP,153,"22,9",NOVA GRANADA,Demais falhas mecânicas ou elétricas,Incêndio,Sem Vítimas,Pleno dia,Crescente,Nublado,Simples,Reta;Aclive,Não,2,0,0,0,1,1,0,2,"-20,46039395","-49,28858211",SPRF-SP,DEL09-SP,UOP01-DEL09-SP
653150,2025-01-04,sábado,15:00:00,RS,386,435,NOVA SANTA RITA,Ausência de reação do condutor,Colisão transversal,Sem Vítimas,Pleno dia,Decrescente,Céu Claro,Dupla,Interseção de Vias;Rotatória,Sim,2,0,0,0,2,0,0,2,"-29,846369","-51,275738",SPRF-RS,DEL04-RS,UOP02-DEL04-RS
653157,2025-01-04,sábado,14:50:00,RJ,116,133,MAGE,Reação tardia ou ineficiente do condutor,Colisão traseira,Com Vítimas Feridas,Pleno dia,Decrescente,Sol,Dupla,Reta,Não,5,0,0,1,2,3,1,6,"-22,65418284","-43,14382995",SPRF-RJ,DEL04-RJ,UOP02-DEL04-RJ
653169,2025-01-04,sábado,16:35:00,MG,116,310,ITAMBACURI,Transitar no Acostamento,Colisão lateral mesmo sentido,Sem Vítimas,Pleno dia,Crescente,Céu Claro,Simples,Reta,Não,4,0,0,0,3,1,0,3,"-18,071493","-41,67787",SPRF-MG,DEL11-MG,UOP01-DEL11-MG
653176,2025-01-04,sábado,14:30:00,PB,230,"162,7",CAMPINA GRANDE,Condutor deixou de manter distância do veículo da frente,Engavetamento,Sem Vítimas,Pleno dia,Decrescente,Sol,Simples,Reta,Não,3,0,0,0,3,0,0,3,"-7,2277","-35,9439",SPRF-PB,DEL02-PB,UOP01-DEL02-PB
653177,2025-01-04,sábado,16:45:00,PB,104,"109,9",LAGOA SECA,Condutor deixou de manter distância do veículo da frente,Colisão traseira,Sem Vítimas,Pleno dia,Decrescente,Céu Claro,Simples,Reta;Aclive,Não,2,0,0,0,2,0,0,2,"-7,11997886","-35,86414665",SPRF-PB,DEL02-PB,UOP04-DEL02-PB
653188,2025-01-04,sábado,18:40:00,BA,116,"373,7",LAMARAO,Transitar na contramão,Colisão frontal,Com Vítimas Fatais,Plena Noite,Crescente,Céu Claro,Simples,Aclive;Reta,Não,7,2,1,2,1,1,3,3,"-11,788313","-38,98560509",SPRF-BA,DEL02-BA,UOP01-DEL02-BA
653204,2025-01-04,sábado,19:30:00,MG,262,"417,5",PARA DE MINAS,Pedestre - Ingestão de álcool/ substâncias psicoativas,Atropelamento de Pedestre,Com Vítimas Fatais,Plena Noite,Decrescente,Nublado,Dupla,Reta,Sim,2,1,0,0,0,1,0,2,"-19,88382214","-44,74534035",SPRF-MG,DEL08-MG,UOP03-DEL08-MG
653211,2025-01-04,sábado,16:50:00,MG,116,"629,5",ORIZANIA,Reação tardia ou ineficiente do condutor,Colisão traseira,Com Vítimas Feridas,Pleno dia,Crescente,Céu Claro,Simples,Reta,Não,4,0,1,0,2,2,1,4,"-20,57445201","-42,20865305",SPRF-MG,DEL07-MG,UOP02-DEL07-MG
653225,2025-01-04,sábado,18:30:00,PE,428,22,CABROBO,Transitar na contramão,Colisão frontal,Com Vítimas Fatais,Plena Noite,Decrescente,Nublado,Simples,Reta,Não,2,1,0,0,1,0,0,2,"-8,48878386","-39,41542596",SPRF-PE,DEL05-PE,UOP03-DEL05-PE
653227,2025-01-04,sábado,21:00:00,PR,277,"422,8",CANTAGALO,Ingestão de álcool pelo condutor,Colisão frontal,Com Vítimas Feridas,Plena Noite,Decrescente,Céu Claro,Simples,Reta,Não,3,0,1,0,1,2,1,4,"-25,39207098","-52,10673809",SPRF-PR,DEL04-PR,UOP02-DEL04-PR
653230,2025-01-04,sábado,22:00:00,SP,116,"53,3",LORENA,Ausência de reação do condutor,Capotamento,Com Vítimas Feridas,Plena Noite,Decrescente,Nublado,Dupla,Reta,Sim,4,0,2,0,1,1,2,3,"-22,75255433","-45,10741076",SPRF-SP,DEL08-SP,UOP02-DEL08-SP
653250,2025-01-05,domingo,00:45:00,MG,50,"188,6",UBERABA,Ausência de reação do condutor,Colisão traseira,Com Vítimas Feridas,Plena Noite,Decrescente,Céu Claro,Dupla,Aclive;Reta,Não,4,0,0,1,2,1,1,3,"-19,84070819","-47,87993327",SPRF-MG,DEL13-MG,UOP01-DEL13-MG
653270,2025-01-04,sábado,23:40:00,BA,116,512,FEIRA DE SANTANA,Ausência de reação do condutor,Colisão com objeto,Sem Vítimas,Plena Noite,Decrescente,Céu Claro,Dupla,Curva,Sim,1,0,0,0,0,1,0,1,"-12,22978187","-38,96432161",SPRF-BA,DEL02-BA,UOP01-DEL02-BA
653279,2025-01-05,domingo,06:40:00,RJ,116,232,PIRAI,Ausência de reação do condutor,Colisão transversal,Com Vítimas Feridas,Pleno dia,Decrescente,Nublado,Dupla,Curva;Declive,Não,4,0,2,0,2,0,2,2,"-22,65604007","-43,83713888",SPRF-RJ,DEL07-RJ,UOP01-DEL07-RJ
653284,2025-01-05,domingo,04:36:00,RO,364,"277,6",PRESIDENTE MEDICI,Acessar a via sem observar a presença dos outros veículos,Colisão transversal,Com Vítimas Fatais,Plena Noite,Decrescente,Ignorado,Simples,Reta;Interseção de Vias,Não,3,1,0,0,1,3,0,5,"-11,384555","-61,783628",SPRF-RO,DEL02-RO,UOP01-DEL02-RO
653293,2025-01-05,domingo,07:30:00,RS,386,402,TRIUNFO,Pedestre andava na pista,Atropelamento de Pedestre,Com Vítimas Feridas,Pleno dia,Decrescente,Céu Claro,Simples,Reta,Não,2,0,0,1,1,0,1,2,"-29,762325","-51,585972",SPRF-RS,DEL04-RS,UOP02-DEL04-RS
653309,2025-01-05,domingo,10:00:00,CE,222,"214,8",FORQUILHA,Afundamento ou ondulação no pavimento,Queda de ocupante de veículo,Com Vítimas Feridas,Pleno dia,Crescente,Nublado,Simples,Reta,Não,2,0,1,0,0,1,1,2,"-3,76728996","-40,28895097",SPRF-CE,DEL04-CE,UOP01-DEL04-CE
653313,2025-01-05,domingo,11:00:00,MG,116,805,ALEM PARAIBA,Ausência de reação do condutor,Colisão lateral mesmo sentido,Sem Vítimas,Pleno dia,Crescente,Céu Claro,Simples,Reta,Não,2,0,0,0,2,0,0,2,"-21,79939622","-42,70870435",SPRF-MG,DEL07-MG,UOP01-DEL07-MG
653337,2025-01-05,domingo,12:30:00,RS,287,"354,4",JAGUARI,Velocidade Incompatível,Saída de leito carroçável,Com Vítimas Feridas,Pleno dia,Decrescente,Céu Claro,Simples,Declive;Curva;Interseção de Vias,Sim,2,0,1,0,0,2,1,3,"-29,48260578","-54,68942642",SPRF-RS,DEL12-RS,UOP02-DEL12-RS
653338,2025-01-05,domingo,07:30:00,BA,101,398,IBIRAPITANGA,Reação tardia ou ineficiente do condutor,Saída de leito carroçável,Com Vítimas Feridas,Pleno dia,Decrescente,Céu Claro,Simples,Curva,Não,2,0,1,0,0,1,1,2,"-14,07899378","-39,38422488",SPRF-BA,DEL05-BA,UOP03-DEL05-BA
653349,2025-01-05,domingo,14:26:00,MT,174,478,COMODORO,Acumulo de água sobre o pavimento,Colisão frontal,Com Vítimas Feridas,Pleno dia,Decrescente,Chuva,Simples,Reta;Declive,Não,4,0,4,0,0,0,4,2,"-13,726515","-59,77919903",SPRF-MT,DEL04-MT,UOP02-DEL04-MT
653351,2025-01-05,domingo,14:15:00,MG,356,"279,3",EUGENOPOLIS,Velocidade Incompatível,Tombamento,Com Vítimas Feridas,Pleno dia,Decrescente,Nublado,Simples,Curva;Declive,Não,2,0,1,0,0,1,1,2,"-21,12514202","-42,254502",SPRF-MG,DEL07-MG,UOP02-DEL07-MG
653355,2025-01-05,domingo,15:50:00,SC,470,"80,2",RODEIO,Reação tardia ou ineficiente do condutor,Saída de leito carroçável,Com Vítimas Fatais,Pleno dia,Crescente,Céu Claro,Simples,Reta;Ponte,Não,4,1,1,0,1,2,1,4,"-26,948239","-49,318551",SPRF-SC,DEL04-SC,UOP01-DEL04-SC
653368,2025-01-05,domingo,11:40:00,BA,20,58,SAO DESIDERIO,Reação tardia ou ineficiente do condutor,Colisão lateral sentido oposto,Com Vítimas Feridas,Pleno dia,Decrescente,Nublado,Simples,Reta,Não,5,0,1,0,3,3,1,5,-13,-46,SPRF-BA,DEL10-BA,UOP02-DEL10-BA
653379,2025-01-05,domingo,18:00:00,BA,101,677,ITAGIMIRIM,Reação tardia ou ineficiente do condutor,Colisão lateral mesmo sentido,Com Vítimas Feridas,Plena Noite,Crescente,Céu Claro,Simples,Reta,Não,5,0,3,0,1,3,3,5,"-16,057762","-39,618071",SPRF-BA,DEL09-BA,UOP03-DEL09-BA
653382,2025-01-05,domingo,19:05:00,MS,267,240,NOVA ALVORADA DO SUL,Manobra de mudança de faixa,Colisão com objeto,Sem Vítimas,Plena Noite,Decrescente,Céu Claro,Simples,Reta,Não,2,0,0,0,1,1,0,2,"-21,48567886","-54,29779898",SPRF-MS,DEL02-MS,UOP01-DEL02-MS
653385,2025-01-05,domingo,20:03:00,PB,101,3,MATARACA,Animais na Pista,Atropelamento de Animal,Com Vítimas Feridas,Plena Noite,Decrescente,Céu Claro,Dupla,Reta,Não,4,0,2,0,1,1,2,3,"-6,53182311","-35,11546245",SPRF-PB,DEL01-PB,UOP03-DEL01-PB
653398,2025-01-05,domingo,16:15:00,BA,101,914,NOVA VICOSA,Condutor deixou de manter distância do veículo da frente,Colisão traseira,Com Vítimas Feridas,Pleno dia,Crescente,Nublado,Simples,Declive;Reta,Não,3,0,2,0,1,0,2,1,"-17,86211322","-39,80415344",SPRF-BA,DEL09-BA,UOP02-DEL09-BA
653419,2025-01-05,domingo,22:00:00,ES,393,"11,2",MUQUI,Condutor deixou de manter distância do veículo da frente,Colisão traseira,Com Vítimas Feridas,Plena Noite,Crescente,Céu Claro,Simples,Declive;Reta,Não,2,0,0,1,1,0,1,2,"-20,85189406","-41,24479292",SPRF-ES,DEL03-ES,UOP02-DEL03-ES
653421,2025-01-05,domingo,23:50:00,BA,324,621,SALVADOR,Velocidade Incompatível,Tombamento,Com Vítimas Feridas,Plena Noite,Crescente,Céu Claro,Múltipla,Curva,Sim,2,0,2,0,0,0,2,1,"-12,91233708","-38,45956983",SPRF-BA,DEL01-BA,UOP01-DEL01-BA
653424,2025-01-06,segunda-feira,00:00:00,PE,232,178,BELO JARDIM,Ultrapassagem Indevida,Colisão frontal,Com Vítimas Fatais,Plena Noite,Crescente,Céu Claro,Simples,Reta,Sim,5,1,1,1,1,2,2,5,"-8,34353242","-36,4199731",SPRF-PE,DEL03-PE,UOP02-DEL03-PE
653430,2025-01-06,segunda-feira,03:50:00,PR,277,"173,3",PALMEIRA,Transitar na contramão,Colisão frontal,Com Vítimas Fatais,Plena Noite,Decrescente,Nublado,Simples,Declive;Reta,Não,3,1,0,0,1,1,0,3,"-25,44058","-49,972164",SPRF-PR,DEL08-PR,UOP02-DEL08-PR
653453,2025-01-06,segunda-feira,07:20:00,SP,381,65,MAIRIPORA,Demais falhas mecânicas ou elétricas,Colisão lateral mesmo sentido,Com Vítimas Feridas,Amanhecer,Crescente,Sol,Dupla,Declive;Reta,Não,7,0,2,0,4,1,2,6,"-23,31495374","-46,58245152",SPRF-SP,DEL03-SP,UOP01-DEL03-SP
653454,2025-01-06,segunda-feira,07:00:00,BA,116,664,JEQUIE,Ultrapassagem Indevida,Colisão frontal,Com Vítimas Feridas,Pleno dia,Decrescente,Céu Claro,Simples,Curva,Não,4,0,2,0,1,1,2,3,"-13,73294498","-40,09867203",SPRF-BA,DEL03-BA,UOP01-DEL03-BA
653468,2025-01-06,segunda-feira,06:55:00,BA,116,"891,5",CANDIDO SALES,Ultrapassagem Indevida,Colisão lateral mesmo sentido,Com Vítimas Feridas,Pleno dia,Crescente,Céu Claro,Simples,Curva;Declive,Não,6,0,2,0,3,2,2,4,"-15,29350898","-41,13824403",SPRF-BA,DEL08-BA,UOP03-DEL08-BA
653470,2025-01-06,segunda-feira,08:40:00,RJ,101,323,NITEROI,Ausência de reação do condutor,Colisão traseira,Com Vítimas Feridas,Pleno dia,Decrescente,Céu Claro,Dupla,Ponte;Curva,Não,3,0,1,0,2,0,1,3,"-22,87438415","-43,12238932",SPRF-RJ,DEL02-RJ,UOP01-DEL02-RJ
653472,2025-01-06,segunda-feira,09:00:00,SC,470,"49,1",BLUMENAU,Condutor deixou de manter distância do veículo da frente,Engavetamento,Com Vítimas Feridas,Pleno dia,Crescente,Céu Claro,Múltipla,Reta,Não,4,0,1,0,3,0,1,4,"-26,860662","-49,065159",SPRF-SC,DEL04-SC,UOP01-DEL04-SC
653476,2025-01-06,segunda-feira,07:40:00,PR,277,"473,8",NOVA LARANJEIRAS,Reação tardia ou ineficiente do condutor,Tombamento,Sem Vítimas,Pleno dia,Crescente,Céu Claro,Simples,Curva;Declive,Não,2,0,0,0,1,1,0,2,"-25,30354721","-52,55960226",SPRF-PR,DEL04-PR,UOP02-DEL04-PR
653487,2025-01-06,segunda-feira,12:05:00,RS,386,"38,2",FREDERICO WESTPHALEN,Acessar a via sem observar a presença dos outros veículos,Colisão transversal,Com Vítimas Feridas,Pleno dia,Crescente,Sol,Simples,Reta,Não,2,0,1,0,1,0,1,2,"-27,391367","-53,400776",SPRF-RS,DEL08-RS,UOP02-DEL08-RS
653488,2025-01-06,segunda-feira,10:30:00,MS,158,"33,8",PARANAIBA,Demais falhas mecânicas ou elétricas,Saída de leito carroçável,Com Vítimas Feridas,Pleno dia,Crescente,Céu Claro,Simples,Curva,Não,2,0,2,0,0,0,2,1,"-19,26124717","-51,50069016",SPRF-MS,DEL08-MS,UOP01-DEL08-MS
653490,2025-01-06,segunda-feira,12:00:00,SP,116,164,JACAREI,Frear bruscamente,Colisão lateral mesmo sentido,Com Vítimas Feridas,Pleno dia,Crescente,Céu Claro,Dupla,Reta,Sim,3,0,1,0,1,1,1,3,"-23,29166028","-46,00002382",SPRF-SP,DEL02-SP,UOP01-DEL02-SP
653492,2025-01-06,segunda-feira,09:15:00,SC,282,"339,8",CAMPOS NOVOS,Desrespeitar a preferência no cruzamento,Colisão transversal,Com Vítimas Feridas,Pleno dia,Decrescente,Sol,Simples,Interseção de Vias,Não,5,0,2,0,2,1,2,3,"-27,387402","-51,232861",SPRF-SC,DEL07-SC,UOP06-DEL07-SC
653493,2025-01-06,segunda-feira,11:45:00,TO,153,237,COLINAS DO TOCANTINS,Ultrapassagem Indevida,Colisão lateral sentido oposto,Com Vítimas Feridas,Pleno dia,Crescente,Céu Claro,Simples,Reta,Não,3,0,0,2,0,3,2,5,"-7,96747498","-48,46389145",SPRF-TO,DEL02-TO,UOP01-DEL02-TO
653496,2025-01-06,segunda-feira,11:40:00,RS,386,140,SARANDI,Ultrapassagem Indevida,Colisão frontal,Com Vítimas Feridas,Pleno dia,Crescente,Céu Claro,Simples,Reta,Não,4,0,0,1,1,2,1,3,"-28,000616","-52,894413",SPRF-RS,DEL08-RS,UOP01-DEL08-RS
653497,2025-01-06,segunda-feira,10:50:00,PR,277,364,GUARAPUAVA,Reação tardia ou ineficiente do condutor,Saída de leito carroçável,Com Vítimas Feridas,Pleno dia,Crescente,Céu Claro,Múltipla,Aclive;Reta,Não,2,0,1,0,0,2,1,3,"-25,42195856","-51,6665554",SPRF-PR,DEL08-PR,UOP01-DEL08-PR
653499,2025-01-06,segunda-feira,11:45:00,MG,50,203,DELTA,Condutor deixou de manter distância do veículo da frente,Colisão traseira,Com Vítimas Feridas,Pleno dia,Decrescente,Céu Claro,Dupla,Reta;Aclive,Não,6,0,3,0,2,2,3,4,"-19,92627147","-47,82191068",SPRF-MG,DEL13-MG,UOP01-DEL13-MG
653501,2025-01-06,segunda-feira,13:10:00,PR,277,"3,5",PARANAGUA,Desrespeitar a preferência no cruzamento,Colisão transversal,Com Vítimas Feridas,Pleno dia,Crescente,Céu Claro,Simples,Interseção de Vias;Reta;Rotatória,Sim,3,0,0,1,1,6,1,8,"-25,54611314","-48,56010032",SPRF-PR,DEL01-PR,UOP05-DEL01-PR
653502,2025-01-06,segunda-feira,12:00:00,PR,376,"463,1",PONTA GROSSA,Velocidade Incompatível,Tombamento,Com Vítimas Feridas,Pleno dia,Crescente,Céu Claro,Dupla,Curva;Declive,Não,2,0,1,0,0,1,1,2,"-25,022566","-50,33223",SPRF-PR,DEL03-PR,UOP01-DEL03-PR
653503,2025-01-06,segunda-feira,10:40:00,MG,116,395,GOVERNADOR VALADARES,Ultrapassagem Indevida,Colisão transversal,Com Vítimas Feridas,Pleno dia,Decrescente,Céu Claro,Simples,Reta,Não,3,0,1,0,1,1,1,3,"-18,72180716","-41,98905056",SPRF-MG,DEL06-MG,UOP01-DEL06-MG
653510,2025-01-06,segunda-feira,11:30:00,BA,101,356,WENCESLAU GUIMARAES,Velocidade Incompatível,Tombamento,Com Vítimas Fatais,Pleno dia,Crescente,Céu Claro,Simples,Reta;Declive,Não,3,1,0,0,0,2,0,3,"-13,66550345","-39,47859764",SPRF-BA,DEL05-BA,UOP03-DEL05-BA
653516,2025-01-06,segunda-feira,14:10:00,MG,153,135,PRATA,Reação tardia ou ineficiente do condutor,Saída de leito carroçável,Com Vítimas Feridas,Pleno dia,Crescente,Nublado,Simples,Declive;Curva,Não,1,0,1,0,0,0,1,1,"-19,5207219","-48,83355386",SPRF-MG,DEL15-MG,UOP03-DEL15-MG
653517,2025-01-06,segunda-feira,11:35:00,MS,158,"136,6",APARECIDA DO TABOADO,Velocidade Incompatível,Colisão frontal,Com Vítimas Feridas,Pleno dia,Crescente,Chuva,Simples,Reta,Não,4,0,0,1,2,1,1,3,"-19,99898502","-51,11416952",SPRF-MS,DEL08-MS,UOP01-DEL08-MS
653520,2025-01-06,segunda-feira,14:00:00,RS,285,"202,3",LAGOA VERMELHA,Ultrapassagem Indevida,Colisão frontal,Com Vítimas Fatais,Pleno dia,Decrescente,Céu Claro,Simples,Reta,Não,5,1,0,1,1,2,1,5,"-28,211273","-51,546356",SPRF-RS,DEL08-RS,UOP05-DEL08-RS
653528,2025-01-06,segunda-feira,15:30:00,ES,101,"173,8",ARACRUZ,Transitar na contramão,Colisão frontal,Com Vítimas Feridas,Pleno dia,Crescente,Nublado,Simples,Reta,Sim,3,0,0,1,1,1,1,3,"-19,57221883","-40,18397327",SPRF-ES,DEL04-ES,UOP01-DEL04-ES
653529,2025-01-06,segunda-feira,14:20:00,MG,116,"480,5",DOM CAVATI,Condutor deixou de manter distância do veículo da frente,Colisão traseira,Com Vítimas Feridas,Pleno dia,Decrescente,Chuva,Simples,Reta,Sim,3,0,0,1,1,2,1,4,"-19,400735","-42,115264",SPRF-MG,DEL06-MG,UOP02-DEL06-MG
653530,2025-01-06,segunda-feira,07:55:00,SC,101,"118,9",ITAJAI,Reação tardia ou ineficiente do condutor,Colisão traseira,Sem Vítimas,Pleno dia,Crescente,Sol,Múltipla,Reta,Sim,2,0,0,0,1,1,0,2,"-26,895859","-48,71903",SPRF-SC,DEL04-SC,UOP04-DEL04-SC
653533,2025-01-06,segunda-feira,16:00:00,MG,40,"783,5",JUIZ DE FORA,Condutor Dormindo,Saída de leito carroçável,Com Vítimas Feridas,Pleno dia,Decrescente,Nublado,Dupla,Curva,Não,2,0,1,0,0,1,1,2,"-21,72429033","-43,43949665",SPRF-MG,DEL05-MG,UOP01-DEL05-MG
653534,2025-01-06,segunda-feira,16:00:00,SC,470,"54,1",BLUMENAU,Acessar a via sem observar a presença dos outros veículos,Colisão transversal,Sem Vítimas,Pleno dia,Decrescente,Céu Claro,Simples,Rotatória;Interseção de Vias,Não,2,0,0,0,2,0,0,2,"-26,87407627","-49,11412239",SPRF-SC,DEL04-SC,UOP01-DEL04-SC
653537,2025-01-06,segunda-feira,15:20:00,RJ,101,398,ITAGUAI,Condutor Dormindo,Colisão traseira,Com Vítimas Feridas,Pleno dia,Decrescente,Céu Claro,Dupla,Reta,Sim,5,0,2,0,2,2,2,5,"-22,86787912","-43,74862922",SPRF-RJ,DEL03-RJ,UOP01-DEL03-RJ
653539,2025-01-06,segunda-feira,16:30:00,GO,20,"150,5",FLORES DE GOIAS,Demais falhas mecânicas ou elétricas,Colisão frontal,Com Vítimas Feridas,Pleno dia,Crescente,Nublado,Simples,Aclive;Reta,Não,7,0,4,0,2,1,4,4,"-14,697994","-46,648884",SPRF-DF,DEL02-DF,UOP03-DEL02-DF
653542,2025-01-06,segunda-feira,15:30:00,PR,373,453,CHOPINZINHO,Acessar a via sem observar a presença dos outros veículos,Colisão transversal,Com Vítimas Feridas,Pleno dia,Crescente,Céu Claro,Simples,Interseção de Vias,Não,8,0,0,1,6,2,1,4,"-25,89898392","-52,37329602",SPRF-PR,DEL02-PR,UOP01-DEL02-PR
653543,2025-01-06,segunda-feira,16:30:00,RJ,116,179,BELFORD ROXO,Ausência de reação do condutor,Colisão traseira,Com Vítimas Feridas,Pleno dia,Crescente,Céu Claro,Dupla,Reta,Sim,3,0,1,1,1,0,2,3,"-22,769902","-43,408036",SPRF-RJ,DEL06-RJ,UOP01-DEL06-RJ
653548,2025-01-06,segunda-feira,13:00:00,MG,262,"583,3",CAMPOS ALTOS,Ultrapassagem Indevida,Tombamento,Com Vítimas Feridas,Pleno dia,Decrescente,Sol,Simples,Curva,Não,3,0,2,0,0,1,2,2,"-19,649634","-46,080652",SPRF-MG,DEL08-MG,UOP02-DEL08-MG
653549,2025-01-06,segunda-feira,16:15:00,SC,101,76,ARAQUARI,Demais falhas mecânicas ou elétricas,Incêndio,Sem Vítimas,Pleno dia,Decrescente,Céu Claro,Dupla,Reta,Não,2,0,0,0,1,1,0,2,"-26,55954801","-48,72063404",SPRF-SC,DEL03-SC,UOP02-DEL03-SC
653553,2025-01-06,segunda-feira,17:20:00,PB,104,"132,5",QUEIMADAS,Demais falhas mecânicas ou elétricas,Saída de leito carroçável,Com Vítimas Feridas,Anoitecer,Crescente,Céu Claro,Simples,Reta,Sim,3,0,0,1,2,0,1,3,"-7,30787596","-35,89344027",SPRF-PB,DEL02-PB,UOP03-DEL02-PB
653559,2025-01-06,segunda-feira,15:00:00,MG,251,"354,1",PADRE CARVALHO,Reação tardia ou ineficiente do condutor,Tombamento,Com Vítimas Feridas,Pleno dia,Crescente,Nublado,Simples,Reta;Declive,Não,2,0,1,0,0,1,1,2,"-16,2857962","-42,5422384",SPRF-MG,DEL12-MG,UOP02-DEL12-MG
653567,2025-01-06,segunda-feira,18:25:00,BA,116,462,SANTO ESTEVAO,Acessar a via sem observar a presença dos outros veículos,Colisão lateral mesmo sentido,Com Vítimas Feridas,Plena Noite,Crescente,Céu Claro,Dupla,Reta,Sim,2,0,1,0,1,0,1,2,"-12,45182","-39,253353",SPRF-BA,DEL02-BA,UOP01-DEL02-BA
653568,2025-01-06,segunda-feira,18:00:00,SC,101,"375,3",ICARA,Manobra de mudança de faixa,Colisão lateral mesmo sentido,Com Vítimas Feridas,Anoitecer,Decrescente,Céu Claro,Múltipla,Reta,Não,3,0,1,0,1,1,1,3,"-28,72014713","-49,23508784",SPRF-SC,DEL02-SC,UOP01-DEL02-SC
653574,2025-01-06,segunda-feira,12:30:00,BA,349,1007,CORRENTINA,Reação tardia ou ineficiente do condutor,Saída de leito carroçável,Com Vítimas Feridas,Pleno dia,Decrescente,Céu Claro,Simples,Reta,Não,10,0,1,1,7,1,2,3,"-13,798735","-46,164127",SPRF-BA,DEL10-BA,UOP02-DEL10-BA
653576,2025-01-06,segunda-feira,13:00:00,MG,40,"258,5",SAO GONCALO DO ABAETE,Pedestre andava na pista,Atropelamento de Pedestre,Com Vítimas Fatais,Pleno dia,Decrescente,Céu Claro,Simples,Declive;Reta,Não,3,1,0,0,1,1,0,2,"-18,13657095","-45,37279299",SPRF-MG,DEL14-MG,UOP02-DEL14-MG
653583,2025-01-06,segunda-feira,19:30:00,SE,101,"145,7",ESTANCIA,Afundamento ou ondulação no pavimento,Queda de ocupante de veículo,Com Vítimas Fatais,Plena Noite,Decrescente,Céu Claro,Dupla,Reta,Não,2,1,0,0,0,1,0,2,"-11,22094463","-37,41933749",SPRF-SE,DEL02-SE,UOP01-DEL02-SE
653589,2025-01-06,segunda-feira,20:05:00,PE,232,251,ARCOVERDE,Reação tardia ou ineficiente do condutor,Tombamento,Com Vítimas Feridas,Plena Noite,Decrescente,Céu Claro,Simples,Curva,Não,2,0,1,0,1,0,1,1,"-8,429241","-37,060127",SPRF-PE,DEL04-PE,UOP02-DEL04-PE
653593,2025-01-06,segunda-feira,20:00:00,MG,153,129,PRATA,Chuva,Colisão traseira,Com Vítimas Feridas,Plena Noite,Crescente,Chuva,Dupla,Reta,Não,3,0,1,0,2,0,1,2,"-19,47713595","-48,86719852",SPRF-MG,DEL15-MG,UOP03-DEL15-MG
653595,2025-01-06,segunda-feira,21:20:00,PR,277,"2,1",PARANAGUA,Desrespeitar a preferência no cruzamento,Colisão transversal,Com Vítimas Feridas,Plena Noite,Crescente,Nublado,Simples,Interseção de Vias;Reta,Sim,3,0,1,0,1,5,1,7,"-25,508003","-48,528306",SPRF-PR,DEL01-PR,UOP05-DEL01-PR
653598,2025-01-06,segunda-feira,19:20:00,MT,70,300,PRIMAVERA DO LESTE,Demais falhas mecânicas ou elétricas,Eventos atípicos,Com Vítimas Feridas,Plena Noite,Decrescente,Nevoeiro/Neblina,Simples,Declive;Reta,Não,2,0,1,0,0,1,1,2,"-15,57911988","-54,47201099",SPRF-MT,DEL05-MT,UOP01-DEL05-MT
653599,2025-01-06,segunda-feira,18:50:00,MT,70,126,GENERAL CARNEIRO,Pedestre andava na pista,Atropelamento de Pedestre,Com Vítimas Fatais,Plena Noite,Crescente,Nublado,Simples,Reta,Não,3,1,0,0,0,2,0,2,"-15,58797578","-53,17073277",SPRF-MT,DEL07-MT,UOP01-DEL07-MT
653601,2025-01-06,segunda-feira,22:40:00,DF,40,7,BRASILIA,Acessar a via sem observar a presença dos outros veículos,Colisão lateral mesmo sentido,Com Vítimas Feridas,Plena Noite,Crescente,Céu Claro,Dupla,Reta,Sim,4,0,1,0,3,0,1,2,"-16,04532081","-47,98077556",SPRF-DF,DEL01-DF,UOP01-DEL01-DF
653602,2025-01-06,segunda-feira,21:00:00,PR,153,210,TIBAGI,Transitar na contramão,Colisão frontal,Com Vítimas Fatais,Plena Noite,Decrescente,Céu Claro,Simples,Curva;Declive,Não,4,1,0,0,1,2,0,4,"-24,55321275","-50,45677185",SPRF-PR,DEL03-PR,UOP02-DEL03-PR
653603,2025-01-06,segunda-feira,19:15:00,RR,174,314,CARACARAI,Pedestre - Ingestão de álcool/ substâncias psicoativas,Atropelamento de Pedestre,Com Vítimas Fatais,Plena Noite,Crescente,Céu Claro,Simples,Reta,Não,2,1,0,0,0,1,0,2,"1,481293","-60,905197",SPRF-RR,DEL01-RR,UOP01-DEL01-RR
653606,2025-01-06,segunda-feira,08:40:00,BA,324,610,SIMOES FILHO,Problema com o freio,Engavetamento,Sem Vítimas,Pleno dia,Crescente,Céu Claro,Simples,Reta,Não,3,0,0,0,3,0,0,3,"-12,82931703","-38,41113193",SPRF-BA,DEL01-BA,UOP01-DEL01-BA
653607,2025-01-06,segunda-feira,23:54:00,PR,116,75,QUATRO BARRAS,Objeto estático sobre o leito carroçável,Colisão com objeto,Com Vítimas Feridas,Plena Noite,Crescente,Nublado,Dupla,Reta,Não,5,0,1,0,3,1,1,3,"-25,37129423","-49,04588263",SPRF-PR,DEL01-PR,UOP02-DEL01-PR
653608,2025-01-07,terça-feira,02:00:00,SP,116,440,REGISTRO,Pedestre cruzava a pista fora da faixa,Atropelamento de Pedestre,Com Vítimas Feridas,Plena Noite,Decrescente,Céu Claro,Dupla,Reta,Não,2,0,0,1,1,0,1,2,"-24,46159507","-47,81713991",SPRF-SP,DEL05-SP,UOP01-DEL05-SP
653615,2025-01-07,terça-feira,00:10:00,SP,116,511,CAJATI,Reação tardia ou ineficiente do condutor,Tombamento,Com Vítimas Feridas,Plena Noite,Decrescente,Garoa/Chuvisco,Simples,Curva,Não,1,0,0,1,0,0,1,1,"-24,83558399","-48,2223738",SPRF-SP,DEL05-SP,UOP02-DEL05-SP
653617,2025-01-07,terça-feira,06:40:00,SC,470,56,BLUMENAU,Demais falhas mecânicas ou elétricas,Incêndio,Sem Vítimas,Pleno dia,Crescente,Céu Claro,Múltipla,Reta,Sim,1,0,0,0,1,0,0,1,"-26,87674","-49,127743",SPRF-SC,DEL04-SC,UOP01-DEL04-SC
653622,2025-01-07,terça-feira,05:00:00,BA,407,175,PONTO NOVO,Ausência de reação do condutor,Colisão traseira,Com Vítimas Feridas,Amanhecer,Decrescente,Céu Claro,Simples,Reta,Não,2,0,0,2,0,0,2,2,"-10,88405899","-40,10993487",SPRF-BA,DEL04-BA,UOP02-DEL04-BA
653636,2025-01-03,sexta-feira,09:40:00,CE,116,19,EUSEBIO,Manobra de mudança de faixa,Colisão lateral mesmo sentido,Sem Vítimas,Pleno dia,Decrescente,Céu Claro,Dupla,Reta,Sim,3,0,0,0,2,1,0,3,"-3,918503","-38,50736976",SPRF-CE,DEL01-CE,UOP02-DEL01-CE
653640,2025-01-07,terça-feira,09:40:00,SE,101,"124,9",ITAPORANGA DAJUDA,Mal súbito do condutor,Saída de leito carroçável,Com Vítimas Feridas,Pleno dia,Crescente,Céu Claro,Dupla,Reta,Não,4,0,1,2,0,1,3,2,"-11,0497","-37,364988",SPRF-SE,DEL02-SE,UOP01-DEL02-SE
653644,2025-01-07,terça-feira,08:50:00,MG,251,"288,6",SALINAS,Demais falhas mecânicas ou elétricas,Incêndio,Sem Vítimas,Pleno dia,Crescente,Céu Claro,Simples,Reta;Declive,Não,1,0,0,0,1,0,0,1,"-16,04478237","-42,14449883",SPRF-MG,DEL12-MG,UOP02-DEL12-MG
653646,2025-01-06,segunda-feira,11:30:00,MG,40,"311,5",TRES MARIAS,Ingestão de álcool pelo condutor,Colisão lateral mesmo sentido,Sem Vítimas,Pleno dia,Crescente,Céu Claro,Simples,Reta,Não,4,0,0,0,3,1,0,3,"-18,440416","-45,07127",SPRF-MG,DEL14-MG,UOP02-DEL14-MG
653647,2025-01-06,segunda-feira,23:00:00,TO,153,360,FORTALEZA DO TABOCAO,Reação tardia ou ineficiente do condutor,Capotamento,Com Vítimas Feridas,Plena Noite,Decrescente,Céu Claro,Simples,Reta,Sim,3,0,2,0,0,1,2,2,"-9,06426723","-48,52025097",SPRF-TO,DEL02-TO,UOP02-DEL02-TO
653649,2025-01-07,terça-feira,10:00:00,RN,304,38,MOSSORO,Condutor deixou de manter distância do veículo da frente,Colisão transversal,Com Vítimas Feridas,Pleno dia,Decrescente,Céu Claro,Simples,Reta,Sim,2,0,1,0,0,1,1,2,"-5,18138457","-37,36832252",SPRF-RN,DEL04-RN,UOP02-DEL04-RN
653650,2025-01-07,terça-feira,08:10:00,AL,101,149,JEQUIA DA PRAIA,Velocidade Incompatível,Tombamento,Com Vítimas Feridas,Pleno dia,Crescente,Céu Claro,Dupla,Declive;Curva,Não,2,0,1,0,0,1,1,2,"-9,89022377","-36,13489151",SPRF-AL,DEL02-AL,UOP02-DEL02-AL
653655,2025-01-07,terça-feira,08:20:00,SP,116,"52,4",LORENA,Condutor Dormindo,Colisão traseira,Sem Vítimas,Pleno dia,Crescente,Céu Claro,Dupla,Reta,Sim,2,0,0,0,2,0,0,2,"-22,74708138","-45,09973038",SPRF-SP,DEL08-SP,UOP02-DEL08-SP
653661,2025-01-07,terça-feira,08:40:00,SC,470,"109,3",APIUNA,Ingestão de álcool pelo condutor,Colisão lateral sentido oposto,Com Vítimas Feridas,Pleno dia,Crescente,Céu Claro,Simples,Reta,Não,3,0,1,0,1,1,1,3,"-27,083876","-49,449543",SPRF-SC,DEL04-SC,UOP02-DEL04-SC
653663,2025-01-07,terça-feira,10:45:00,ES,393,"1,3",CACHOEIRO DE ITAPEMIRIM,Ausência de reação do condutor,Colisão traseira,Com Vítimas Feridas,Pleno dia,Crescente,Céu Claro,Simples,Reta,Sim,3,0,0,1,1,1,1,3,"-20,83723289","-41,16733095",SPRF-ES,DEL03-ES,UOP02-DEL03-ES
653668,2025-01-07,terça-feira,12:30:00,BA,116,493,RAFAEL JAMBEIRO,Acessar a via sem observar a presença dos outros veículos,Colisão traseira,Com Vítimas Feridas,Pleno dia,Crescente,Céu Claro,Dupla,Reta,Não,7,0,1,0,5,2,1,4,"-12,56115018","-39,47426391",SPRF-BA,DEL02-BA,UOP01-DEL02-BA
653671,2025-01-07,terça-feira,10:00:00,MG,50,"122,9",UBERABA,Reação tardia ou ineficiente do condutor,Colisão lateral mesmo sentido,Com Vítimas Feridas,Pleno dia,Crescente,Nublado,Dupla,Reta,Não,5,0,1,0,3,1,1,3,"-19,32486914","-48,10279232",SPRF-MG,DEL13-MG,UOP01-DEL13-MG
653672,2025-01-07,terça-feira,12:55:00,MG,381,363,JOAO MONLEVADE,Ausência de reação do condutor,Colisão traseira,Com Vítimas Feridas,Pleno dia,Crescente,Garoa/Chuvisco,Simples,Curva;Declive,Não,3,0,0,1,1,2,1,4,"-19,85130197","-43,24808594",SPRF-MG,DEL03-MG,UOP01-DEL03-MG
653674,2025-01-07,terça-feira,13:15:00,RS,116,"505,5",PELOTAS,Demais falhas mecânicas ou elétricas,Incêndio,Sem Vítimas,Pleno dia,Crescente,Sol,Dupla,Reta,Não,1,0,0,0,1,0,0,1,"-31,58853468","-52,27995231",SPRF-RS,DEL07-RS,UOP01-DEL07-RS
653676,2025-01-07,terça-feira,10:40:00,PA,163,146,ALTAMIRA,Objeto estático sobre o leito carroçável,Colisão com objeto,Com Vítimas Feridas,Pleno dia,Decrescente,Sol,Simples,Reta,Não,3,0,1,0,1,3,1,5,"-8,42387326","-55,10583265",SPRF-MT,DEL06-MT,UOP03-DEL06-MT
653680,2025-01-07,terça-feira,13:20:00,RS,386,"215,2",TIO HUGO,Acessar a via sem observar a presença dos outros veículos,Colisão transversal,Com Vítimas Feridas,Pleno dia,Decrescente,Céu Claro,Simples,Reta,Não,6,0,3,0,2,1,3,4,"-28,57666","-52,596031",SPRF-RS,DEL04-RS,UOP03-DEL04-RS
653681,2025-01-07,terça-feira,12:10:00,SP,116,221,GUARULHOS,Transtornos Mentais (exceto suicidio),Queda de ocupante de veículo,Com Vítimas Feridas,Pleno dia,Decrescente,Céu Claro,Múltipla,Reta;Em Obras,Não,2,0,1,0,0,1,1,1,"-23,46802395","-46,50704901",SPRF-SP,DEL01-SP,UOP01-DEL01-SP
653683,2025-01-07,terça-feira,12:04:00,RO,319,63,PORTO VELHO,Suicídio (presumido),Atropelamento de Pedestre,Com Vítimas Fatais,Pleno dia,Crescente,Nublado,Dupla,Reta,Sim,3,1,0,0,2,0,0,2,"-8,75535356","-63,8869518",SPRF-RO,DEL01-RO,UOP01-DEL01-RO
653692,2025-01-07,terça-feira,09:30:00,BA,116,272,TUCANO,Transitar na contramão,Colisão frontal,Com Vítimas Fatais,Pleno dia,Crescente,Céu Claro,Simples,Reta,Não,2,1,0,0,1,0,0,2,"-10,936705","-38,81187",SPRF-BA,DEL07-BA,UOP02-DEL07-BA
653698,2025-01-07,terça-feira,13:30:00,RJ,101,385,RIO DE JANEIRO,Ausência de reação do condutor,Colisão transversal,Com Vítimas Feridas,Pleno dia,Crescente,Céu Claro,Múltipla,Retorno Regulamentado;Reta,Não,5,0,2,0,3,0,2,4,"-22,88064129","-43,63218994",SPRF-RJ,DEL03-RJ,UOP01-DEL03-RJ
653699,2025-01-07,terça-feira,14:20:00,PR,277,"365,8",GUARAPUAVA,Ultrapassagem Indevida,Colisão frontal,Com Vítimas Feridas,Pleno dia,Crescente,Sol,Simples,Aclive;Reta,Não,2,0,0,2,0,0,2,2,"-25,43214305","-51,60777698",SPRF-PR,DEL08-PR,UOP01-DEL08-PR
653703,2025-01-07,terça-feira,15:00:00,RS,285,"636,7",SANTO ANTONIO DAS MISSOES,Manobra de mudança de faixa,Colisão lateral sentido oposto,Com Vítimas Feridas,Pleno dia,Decrescente,Céu Claro,Simples,Reta,Não,1,0,1,0,0,0,1,1,"-28,58466","-55,626167",SPRF-RS,DEL12-RS,UOP01-DEL12-RS
653704,2025-01-04,sábado,01:30:00,PR,476,80,BOCAIUVA DO SUL,Demais falhas mecânicas ou elétricas,Incêndio,Sem Vítimas,Plena Noite,Decrescente,Nublado,Simples,Curva,Não,1,0,0,0,1,0,0,1,"-25,122978","-49,099415",SPRF-PR,DEL01-PR,UOP01-DEL01-PR
653709,2025-01-07,terça-feira,14:30:00,RS,116,"116,4",SAO MARCOS,Acessar a via sem observar a presença dos outros veículos,Colisão transversal,Com Vítimas Feridas,Pleno dia,Decrescente,Céu Claro,Simples,Curva;Aclive,Sim,2,0,1,0,0,1,1,2,"-28,97609141","-51,06640231",SPRF-RS,DEL05-RS,UOP01-DEL05-RS
653710,2025-01-07,terça-feira,15:30:00,MG,116,"275,5",TEOFILO OTONI,Faixas de trânsito com largura insuficiente,Colisão lateral mesmo sentido,Com Vítimas Feridas,Pleno dia,Decrescente,Nublado,Dupla,Reta,Sim,2,0,1,0,0,1,1,2,"-17,846454","-41,51549",SPRF-MG,DEL11-MG,UOP01-DEL11-MG
653712,2025-01-07,terça-feira,15:50:00,SC,282,"3,2",FLORIANOPOLIS,Conversão proibida,Colisão lateral mesmo sentido,Com Vítimas Feridas,Pleno dia,Crescente,Nublado,Múltipla,Reta,Sim,2,0,0,1,1,0,1,2,"-27,600384","-48,599705",SPRF-SC,DEL01-SC,UOP01-DEL01-SC
653714,2025-01-07,terça-feira,16:15:00,RS,116,252,SAPUCAIA DO SUL,Condutor deixou de manter distância do veículo da frente,Colisão traseira,Com Vítimas Feridas,Pleno dia,Decrescente,Céu Claro,Dupla,Reta,Sim,4,0,1,0,3,0,1,2,"-29,80913395","-51,1675292",SPRF-RS,DEL01-RS,UOP02-DEL01-RS
653715,2025-01-07,terça-feira,15:48:00,BA,101,148,TEODORO SAMPAIO,Frear bruscamente,Saída de leito carroçável,Sem Vítimas,Pleno dia,Crescente,Céu Claro,Simples,Reta;Declive,Não,1,0,0,0,1,0,0,1,"-12,28365012","-38,69865417",SPRF-BA,DEL01-BA,UOP04-DEL01-BA
653728,2025-01-07,terça-feira,13:55:00,PR,277,"508,2",GUARANIACU,Transitar na contramão,Colisão frontal,Com Vítimas Feridas,Pleno dia,Decrescente,Sol,Simples,Curva;Aclive,Não,6,0,4,0,1,3,4,5,"-25,12868099","-52,73870599",SPRF-PR,DEL04-PR,UOP04-DEL04-PR
653731,2025-01-07,terça-feira,14:00:00,PI,343,492,AMARANTE,Demais falhas mecânicas ou elétricas,Colisão com objeto,Com Vítimas Feridas,Pleno dia,Crescente,Céu Claro,Simples,Aclive;Reta,Não,2,0,1,1,0,0,2,1,"-6,251369","-42,734444",SPRF-PI,DEL01-PI,UOP02-DEL01-PI
653738,2025-01-07,terça-feira,14:52:00,BA,101,691,EUNAPOLIS,Pista Escorregadia,Saída de leito carroçável,Com Vítimas Feridas,Pleno dia,Crescente,Garoa/Chuvisco,Simples,Curva;Declive,Não,2,0,1,0,0,1,1,2,"-16,34155297","-39,58085475",SPRF-BA,DEL09-BA,UOP03-DEL09-BA
653739,2025-01-07,terça-feira,17:35:00,PE,101,78,JABOATAO DOS GUARARAPES,Trafegar com motocicleta (ou similar) entre as faixas,Colisão lateral mesmo sentido,Com Vítimas Fatais,Anoitecer,Decrescente,Céu Claro,Dupla,Reta,Sim,3,1,0,0,1,2,0,4,"-8,13496499","-34,94738614",SPRF-PE,DEL01-PE,UOP01-DEL01-PE
653744,2025-01-07,terça-feira,19:40:00,BA,101,869,TEIXEIRA DE FREITAS,Pedestre andava na pista,Atropelamento de Pedestre,Com Vítimas Fatais,Plena Noite,Crescente,Nublado,Simples,Reta,Não,3,1,0,0,1,1,0,3,"-17,477598","-39,70463",SPRF-BA,DEL09-BA,UOP02-DEL09-BA
653747,2025-01-07,terça-feira,17:24:00,MT,163,786,VERA,Manobra de mudança de faixa,Colisão frontal,Com Vítimas Fatais,Anoitecer,Crescente,Chuva,Simples,Reta,Não,3,1,1,0,0,3,1,5,"-12,28478231","-55,56112289",SPRF-MT,DEL06-MT,UOP02-DEL06-MT
653750,2025-01-07,terça-feira,17:00:00,MG,262,781,UBERABA,Ausência de reação do condutor,Colisão transversal,Com Vítimas Feridas,Pleno dia,Decrescente,Chuva,Simples,Curva;Declive,Não,6,0,5,1,0,0,6,2,"-19,75033611","-47,76840193",SPRF-MG,DEL13-MG,UOP01-DEL13-MG
653754,2025-01-07,terça-feira,19:40:00,PA,230,5,ALTAMIRA,Reação tardia ou ineficiente do condutor,Colisão lateral sentido oposto,Sem Vítimas,Plena Noite,Crescente,Céu Claro,Simples,Reta,Não,2,0,0,0,1,1,0,2,"-3,18687974","-52,20033646",SPRF-PA,DEL03-PA,UOP01-DEL03-PA
653759,2025-01-07,terça-feira,21:15:00,SP,116,220,GUARULHOS,Manobra de mudança de faixa,Colisão lateral mesmo sentido,Com Vítimas Feridas,Plena Noite,Crescente,Céu Claro,Múltipla,Reta;Em Obras,Sim,3,0,2,0,0,1,2,2,"-23,46472809","-46,49793962",SPRF-SP,DEL01-SP,UOP01-DEL01-SP
653760,2025-01-07,terça-feira,17:30:00,RO,364,422,JARU,Retorno proibido,Colisão lateral mesmo sentido,Sem Vítimas,Anoitecer,Decrescente,Nublado,Simples,Aclive;Retorno Regulamentado;Curva,Não,2,0,0,0,1,1,0,2,"-10,4597532","-62,4558043",SPRF-RO,DEL03-RO,UOP02-DEL03-RO
653763,2025-01-07,terça-feira,22:00:00,SP,116,"174,5",JACAREI,Reação tardia ou ineficiente do condutor,Colisão traseira,Com Vítimas Feridas,Plena Noite,Decrescente,Céu Claro,Dupla,Aclive,Não,2,0,1,0,1,0,1,2,"-23,32057287","-46,09074403",SPRF-SP,DEL02-SP,UOP01-DEL02-SP
653765,2025-01-07,terça-feira,20:00:00,SC,101,3,GARUVA,Demais falhas mecânicas ou elétricas,Incêndio,Sem Vítimas,Plena Noite,Crescente,Chuva,Dupla,Reta;Aclive,Não,2,0,0,0,1,2,0,3,"-26,00380807","-48,87233005",SPRF-SC,DEL03-SC,UOP01-DEL03-SC
653771,2025-01-07,terça-feira,22:30:00,MG,116,"794,7",ALEM PARAIBA,Velocidade Incompatível,Saída de leito carroçável,Com Vítimas Feridas,Plena Noite,Crescente,Chuva,Simples,Curva;Declive,Não,1,0,1,0,0,0,1,1,"-21,71949498","-42,72886698",SPRF-MG,DEL07-MG,UOP01-DEL07-MG
653773,2025-01-07,terça-feira,23:40:00,PR,277,102,SAO JOSE DOS PINHAIS,Reação tardia ou ineficiente do condutor,Colisão lateral mesmo sentido,Sem Vítimas,Plena Noite,Crescente,Nublado,Dupla,Viaduto,Não,2,0,0,0,2,0,0,2,"-25,569698","-49,18132782",SPRF-PR,DEL01-PR,UOP06-DEL01-PR
653785,2025-01-08,quarta-feira,07:00:00,RS,386,"439,5",NOVA SANTA RITA,Manobra de mudança de faixa,Colisão lateral mesmo sentido,Com Vítimas Feridas,Pleno dia,Crescente,Céu Claro,Dupla,Declive;Reta;Ponte,Não,3,0,1,0,1,1,1,3,"-29,87693853","-51,24330467",SPRF-RS,DEL04-RS,UOP02-DEL04-RS
653787,2025-01-08,quarta-feira,06:40:00,RS,386,"110,1",SARANDI,Reação tardia ou ineficiente do condutor,Tombamento,Com Vítimas Feridas,Pleno dia,Decrescente,Céu Claro,Simples,Curva,Não,3,0,2,0,0,1,2,2,"-27,809111","-53,051529",SPRF-RS,DEL08-RS,UOP01-DEL08-RS
653790,2025-01-08,quarta-feira,07:25:00,SC,101,"144,6",ITAPEMA,Reação tardia ou ineficiente do condutor,Tombamento,Com Vítimas Feridas,Pleno dia,Decrescente,Garoa/Chuvisco,Dupla,Reta,Sim,2,0,0,1,1,0,1,2,"-27,0732659","-48,59672716",SPRF-SC,DEL04-SC,UOP03-DEL04-SC
653791,2025-01-08,quarta-feira,08:15:00,SC,101,"46,3",JOINVILLE,Velocidade Incompatível,Colisão traseira,Com Vítimas Feridas,Pleno dia,Decrescente,Garoa/Chuvisco,Dupla,Curva,Sim,2,0,1,0,1,0,1,2,"-26,36459827","-48,85838449",SPRF-SC,DEL03-SC,UOP01-DEL03-SC
653798,2025-01-08,quarta-feira,09:15:00,SE,101,85,NOSSA SENHORA DO SOCORRO,Acumulo de óleo sobre o pavimento,Tombamento,Com Vítimas Feridas,Pleno dia,Crescente,Céu Claro,Simples,Reta,Sim,3,0,1,0,1,1,1,3,"-10,85131425","-37,13656783",SPRF-SE,DEL01-SE,UOP01-DEL01-SE
653803,2025-01-08,quarta-feira,08:15:00,MG,116,494,INHAPIM,Mal súbito do condutor,Colisão lateral sentido oposto,Com Vítimas Feridas,Pleno dia,Crescente,Céu Claro,Simples,Reta;Aclive,Não,3,0,1,0,1,3,1,5,"-19,50998002","-42,12818892",SPRF-MG,DEL06-MG,UOP02-DEL06-MG
653805,2025-01-08,quarta-feira,06:50:00,MT,364,434,VARZEA GRANDE,Mal súbito do condutor,Saída de leito carroçável,Sem Vítimas,Pleno dia,Decrescente,Céu Claro,Dupla,Interseção de Vias,Sim,2,0,0,0,1,1,0,2,"-15,64575025","-56,14041787",SPRF-MT,DEL01-MT,UOP02-DEL01-MT
653807,2025-01-08,quarta-feira,08:50:00,PR,369,174,ROLANDIA,Demais falhas na via,Colisão traseira,Com Vítimas Feridas,Pleno dia,Decrescente,Céu Claro,Simples,Reta,Sim,4,0,0,1,2,2,1,5,"-23,31850456","-51,3793295",SPRF-PR,DEL07-PR,UOP01-DEL07-PR
653815,2025-01-08,quarta-feira,09:25:00,SC,101,"233,8",PALHOCA,Chuva,Colisão com objeto,Com Vítimas Feridas,Pleno dia,Crescente,Garoa/Chuvisco,Dupla,Curva,Não,2,0,1,0,0,1,1,2,"-27,80887161","-48,63833606",SPRF-SC,DEL01-SC,UOP02-DEL01-SC
653818,2025-01-08,quarta-feira,09:30:00,PI,343,348,TERESINA,Condutor deixou de manter distância do veículo da frente,Colisão traseira,Com Vítimas Fatais,Pleno dia,Decrescente,Céu Claro,Dupla,Reta,Sim,2,1,0,0,1,0,0,2,"-5,114822","-42,778355",SPRF-PI,DEL01-PI,UOP01-DEL01-PI
653821,2025-01-08,quarta-feira,05:30:00,MG,116,"453,5",ENGENHEIRO CALDAS,Acessar a via sem observar a presença dos outros veículos,Saída de leito carroçável,Com Vítimas Feridas,Amanhecer,Decrescente,Ignorado,Simples,Reta,Não,1,0,1,0,0,0,1,1,"-19,17637694","-42,0358701",SPRF-MG,DEL06-MG,UOP02-DEL06-MG
653822,2025-01-08,quarta-feira,10:00:00,RS,386,"109,2",SAO JOSE DAS MISSOES,Ausência de reação do condutor,Colisão traseira,Com Vítimas Feridas,Pleno dia,Decrescente,Céu Claro,Simples,Curva,Não,3,0,1,0,1,2,1,4,"-27,800817","-53,051254",SPRF-RS,DEL08-RS,UOP01-DEL08-RS
653830,2025-01-08,quarta-feira,11:48:00,PR,376,662,GUARATUBA,Ausência de reação do condutor,Atropelamento de Pedestre,Com Vítimas Feridas,Pleno dia,Decrescente,Garoa/Chuvisco,Dupla,Reta,Não,3,0,0,1,2,0,1,2,"-25,8546345","-48,98523394",SPRF-PR,DEL01-PR,UOP04-DEL01-PR
653832,2025-01-08,quarta-feira,12:05:00,PI,343,"196,5",PIRIPIRI,Ultrapassagem Indevida,Colisão lateral mesmo sentido,Com Vítimas Feridas,Pleno dia,Decrescente,Céu Claro,Simples,Reta,Não,7,0,1,0,6,0,1,3,"-4,360559","-41,817978",SPRF-PI,DEL02-PI,UOP01-DEL02-PI
653833,2025-01-08,quarta-feira,13:10:00,MG,146,479,POCOS DE CALDAS,Velocidade Incompatível,Tombamento,Com Vítimas Feridas,Pleno dia,Decrescente,Céu Claro,Simples,Curva;Declive,Não,2,0,1,0,0,1,1,2,"-21,772565","-46,421703",SPRF-MG,DEL09-MG,UOP01-DEL09-MG
653834,2025-01-08,quarta-feira,10:30:00,SP,116,515,CAJATI,Velocidade Incompatível,Tombamento,Com Vítimas Feridas,Pleno dia,Decrescente,Garoa/Chuvisco,Dupla,Curva;Declive,Não,2,0,1,0,0,1,1,2,"-24,86704083","-48,21738184",SPRF-SP,DEL05-SP,UOP02-DEL05-SP
653837,2025-01-08,quarta-feira,12:10:00,MG,251,492,FRANCISCO SA,Chuva,Saída de leito carroçável,Sem Vítimas,Pleno dia,Crescente,Chuva,Simples,Declive;Reta,Não,2,0,0,0,1,1,0,2,"-16,54433804","-43,59543496",SPRF-MG,DEL12-MG,UOP01-DEL12-MG
653839,2025-01-08,quarta-feira,14:00:00,RS,116,253,SAPUCAIA DO SUL,Demais falhas mecânicas ou elétricas,Queda de ocupante de veículo,Com Vítimas Feridas,Pleno dia,Decrescente,Céu Claro,Dupla,Viaduto;Declive;Reta,Sim,4,0,0,1,1,2,1,4,"-29,81457295","-51,16907832",SPRF-RS,DEL01-RS,UOP02-DEL01-RS
653847,2025-01-08,quarta-feira,12:38:00,SC,101,"100,8",BALNEARIO PICARRAS,Condutor deixou de manter distância do veículo da frente,Engavetamento,Sem Vítimas,Pleno dia,Crescente,Nublado,Dupla,Declive;Reta,Não,4,0,0,0,3,4,0,7,"-26,75482787","-48,68993675",SPRF-SC,DEL03-SC,UOP02-DEL03-SC
653848,2025-01-08,quarta-feira,10:16:00,PR,277,"299,7",PRUDENTOPOLIS,Ausência de reação do condutor,Tombamento,Com Vítimas Fatais,Pleno dia,Decrescente,Céu Claro,Simples,Aclive;Curva,Não,3,2,0,0,0,1,0,2,"-25,310636","-51,093323",SPRF-PR,DEL08-PR,UOP01-DEL08-PR
653852,2025-01-08,quarta-feira,15:15:00,PB,230,"11,8",CABEDELO,Acostamento em desnível,Eventos atípicos,Com Vítimas Feridas,Pleno dia,Crescente,Céu Claro,Dupla,Em Obras;Reta,Sim,3,0,0,1,1,1,1,3,"-7,0596","-34,8506",SPRF-PB,DEL01-PB,UOP01-DEL01-PB
653859,2025-01-08,quarta-feira,14:10:00,MG,40,"454,9",CAETANOPOLIS,Velocidade Incompatível,Saída de leito carroçável,Com Vítimas Feridas,Pleno dia,Crescente,Garoa/Chuvisco,Dupla,Curva,Sim,1,0,1,0,0,0,1,1,"-19,34996189","-44,35227779",SPRF-MG,DEL02-MG,UOP01-DEL02-MG
653864,2025-01-08,quarta-feira,16:03:00,ES,101,"78,9",SAO MATEUS,Condutor deixou de manter distância do veículo da frente,Colisão traseira,Com Vítimas Feridas,Pleno dia,Decrescente,Céu Claro,Simples,Aclive;Reta,Não,4,0,0,1,2,1,1,3,"-18,81417602","-39,90121797",SPRF-ES,DEL04-ES,UOP02-DEL04-ES
653866,2025-01-08,quarta-feira,15:30:00,MG,40,509,RIBEIRAO DAS NEVES,Ausência de reação do condutor,Colisão traseira,Com Vítimas Feridas,Pleno dia,Decrescente,Chuva,Dupla,Reta;Declive,Não,2,0,1,0,1,0,1,2,"-19,76728744","-44,12855905",SPRF-MG,DEL01-MG,UOP02-DEL01-MG
653867,2025-01-08,quarta-feira,16:15:00,SE,101,89,NOSSA SENHORA DO SOCORRO,Mal súbito do condutor,Colisão com objeto,Com Vítimas Feridas,Pleno dia,Decrescente,Céu Claro,Simples,Reta,Não,1,0,1,0,0,0,1,1,"-10,88051024","-37,13355535",SPRF-SE,DEL01-SE,UOP01-DEL01-SE
653870,2025-01-08,quarta-feira,16:30:00,PE,428,189,PETROLINA,Velocidade Incompatível,Colisão com objeto,Com Vítimas Feridas,Pleno dia,Crescente,Nublado,Dupla,Reta,Sim,3,0,1,0,1,1,1,3,"-9,37197508","-40,48679585",SPRF-PE,DEL06-PE,UOP01-DEL06-PE
653879,2025-01-08,quarta-feira,17:00:00,SP,116,225,GUARULHOS,Manobra de mudança de faixa,Colisão traseira,Sem Vítimas,Pleno dia,Decrescente,Nublado,Múltipla,Em Obras;Reta;Declive,Sim,2,0,0,0,2,0,0,2,"-23,48586772","-46,54075317",SPRF-SP,DEL01-SP,UOP01-DEL01-SP
653883,2025-01-08,quarta-feira,17:33:00,SC,101,"126,3",ITAJAI,Trafegar com motocicleta (ou similar) entre as faixas,Colisão traseira,Com Vítimas Fatais,Pleno dia,Decrescente,Nublado,Dupla,Curva,Sim,3,2,0,0,1,0,0,2,"-26,9587407","-48,6801338",SPRF-SC,DEL04-SC,UOP04-DEL04-SC
653885,2025-01-08,quarta-feira,16:20:00,GO,153,549,PROFESSOR JAMIL,Acumulo de água sobre o pavimento,Saída de leito carroçável,Com Vítimas Feridas,Pleno dia,Crescente,Chuva,Dupla,Reta;Declive,Não,4,0,1,0,2,1,1,2,"-17,1321","-49,2141",SPRF-GO,DEL01-GO,UOP03-DEL01-GO
653886,2025-01-08,quarta-feira,18:00:00,PB,230,"11,5",CABEDELO,Pedestre cruzava a pista fora da faixa,Atropelamento de Pedestre,Com Vítimas Feridas,Pleno dia,Decrescente,Céu Claro,Dupla,Reta;Em Obras,Sim,2,0,0,1,1,0,1,2,"-7,0596","-34,8506",SPRF-PB,DEL01-PB,UOP01-DEL01-PB
653890,2025-01-08,quarta-feira,15:00:00,SP,116,434,REGISTRO,Chuva,Saída de leito carroçável,Com Vítimas Feridas,Pleno dia,Decrescente,Chuva,Dupla,Reta,Não,4,0,4,0,0,0,4,1,"-24,42368904","-47,77892497",SPRF-SP,DEL05-SP,UOP01-DEL05-SP
653895,2025-01-08,quarta-feira,17:38:00,RS,158,"190,9",CRUZ ALTA,Demais falhas mecânicas ou elétricas,Saída de leito carroçável,Com Vítimas Feridas,Pleno dia,Decrescente,Céu Claro,Simples,Reta,Não,2,0,1,0,1,0,1,1,"-28,61466499","-53,57379913",SPRF-RS,DEL10-RS,UOP02-DEL10-RS
653896,2025-01-08,quarta-feira,12:40:00,PA,230,128,MARABA,Condutor deixou de manter distância do veículo da frente,Colisão traseira,Com Vítimas Feridas,Pleno dia,Decrescente,Chuva,Simples,Aclive,Sim,3,0,1,0,1,2,1,4,"-5,3732012","-49,16779803",SPRF-PA,DEL03-PA,UOP01-DEL03-PA
653897,2025-01-08,quarta-feira,17:45:00,MT,364,"582,8",NOBRES,Frear bruscamente,Saída de leito carroçável,Com Vítimas Feridas,Anoitecer,Crescente,Chuva,Dupla,Reta,Não,4,0,3,0,1,0,3,1,"-14,56753049","-56,22053862",SPRF-MT,DEL01-MT,UOP01-DEL01-MT
653898,2025-01-08,quarta-feira,17:40:00,RJ,101,429,MANGARATIBA,Velocidade Incompatível,Tombamento,Com Vítimas Feridas,Pleno dia,Decrescente,Chuva,Simples,Curva,Não,3,0,2,1,0,0,3,1,"-22,9377284","-44,0139091",SPRF-RJ,DEL03-RJ,UOP02-DEL03-RJ
653899,2025-01-08,quarta-feira,17:40:00,PI,316,"1,1",TERESINA,Demais falhas mecânicas ou elétricas,Colisão transversal,Com Vítimas Feridas,Pleno dia,Crescente,Nublado,Simples,Aclive,Sim,3,0,1,0,1,1,1,3,"-5,12861853","-42,80706778",SPRF-PI,DEL01-PI,UOP02-DEL01-PI
653900,2025-01-08,quarta-feira,18:05:00,SC,116,"184,5",SAO CRISTOVAO DO SUL,Reação tardia ou ineficiente do condutor,Tombamento,Com Vítimas Feridas,Anoitecer,Decrescente,Nublado,Simples,Rotatória,Não,2,0,1,0,0,1,1,2,"-27,299032","-50,427235",SPRF-SC,DEL05-SC,UOP03-DEL05-SC
653902,2025-01-08,quarta-feira,07:00:00,MG,40,322,FELIXLANDIA,Carga excessiva e/ou mal acondicionada,Colisão com objeto,Com Vítimas Feridas,Pleno dia,Decrescente,Chuva,Simples,Reta,Não,5,0,1,0,2,2,1,3,"-18,52242644","-45,06605702",SPRF-MG,DEL14-MG,UOP02-DEL14-MG
653903,2025-01-08,quarta-feira,12:45:00,TO,153,141,ARAGUAINA,Acessar a via sem observar a presença dos outros veículos,Colisão transversal,Com Vítimas Feridas,Pleno dia,Decrescente,Céu Claro,Dupla,Rotatória,Sim,5,0,2,0,2,1,2,3,"-7,175959","-48,219548",SPRF-TO,DEL02-TO,UOP01-DEL02-TO
653911,2025-01-08,quarta-feira,17:10:00,SC,280,21,ARAQUARI,Trafegar com motocicleta (ou similar) entre as faixas,Colisão transversal,Com Vítimas Feridas,Pleno dia,Decrescente,Nublado,Simples,Reta,Sim,4,0,1,0,2,2,1,5,"-26,37125695","-48,70617986",SPRF-SC,DEL03-SC,UOP03-DEL03-SC
653914,2025-01-08,quarta-feira,17:30:00,BA,101,126,PEDRAO,Ausência de reação do condutor,Tombamento,Com Vítimas Feridas,Anoitecer,Crescente,Céu Claro,Simples,Reta;Declive,Não,2,0,0,1,0,2,1,3,"-12,19979483","-38,59985325",SPRF-BA,DEL01-BA,UOP04-DEL01-BA
653916,2025-01-08,quarta-feira,20:25:00,MG,40,"446,5",PARAOPEBA,Manobra de mudança de faixa,Colisão lateral mesmo sentido,Com Vítimas Feridas,Plena Noite,Crescente,Chuva,Dupla,Reta;Ponte;Declive,Não,2,0,0,1,0,1,1,2,"-19,2901626","-44,38892841",SPRF-MG,DEL02-MG,UOP01-DEL02-MG
653920,2025-01-08,quarta-feira,21:10:00,PR,376,605,CURITIBA,Condutor deixou de manter distância do veículo da frente,Colisão lateral mesmo sentido,Com Vítimas Feridas,Plena Noite,Decrescente,Nublado,Dupla,Reta,Não,4,0,1,0,2,1,1,3,"-25,55177228","-49,27905516",SPRF-PR,DEL01-PR,UOP06-DEL01-PR
653922,2025-01-08,quarta-feira,20:00:00,PR,476,"323,6",PAULO FRONTIN,Ausência de reação do condutor,Colisão frontal,Com Vítimas Fatais,Plena Noite,Crescente,Chuva,Simples,Reta,Não,3,2,0,0,0,3,0,5,"-26,091063","-50,771263",SPRF-PR,DEL02-PR,UOP03-DEL02-PR
653923,2025-01-08,quarta-feira,21:21:00,MG,381,597,CARMOPOLIS DE MINAS,Ausência de reação do condutor,Colisão lateral mesmo sentido,Sem Vítimas,Plena Noite,Crescente,Nublado,Dupla,Reta,Não,4,0,0,0,3,2,0,5,"-20,60569501","-44,72419499",SPRF-MG,DEL04-MG,UOP01-DEL04-MG
653927,2025-01-08,quarta-feira,20:10:00,SC,280,23,ARAQUARI,Reação tardia ou ineficiente do condutor,Colisão transversal,Com Vítimas Fatais,Plena Noite,Decrescente,Nublado,Simples,Rotatória,Sim,6,1,0,0,1,4,0,4,"-26,3716158","-48,7116548",SPRF-SC,DEL03-SC,UOP03-DEL03-SC
653930,2025-01-08,quarta-feira,20:00:00,PA,230,98,SAO JOAO DO ARAGUAIA,Transitar na contramão,Colisão lateral sentido oposto,Sem Vítimas,Plena Noite,Decrescente,Céu Claro,Simples,Reta,Sim,3,0,0,0,1,4,0,5,"-5,41074234","-48,94556165",SPRF-PA,DEL03-PA,UOP01-DEL03-PA
653931,2025-01-08,quarta-feira,22:30:00,MT,70,"56,6",BARRA DO GARCAS,Condutor Dormindo,Capotamento,Com Vítimas Feridas,Plena Noite,Decrescente,Nublado,Simples,Reta,Não,1,0,1,0,0,0,1,1,"-15,7087872","-52,67042618",SPRF-MT,DEL07-MT,UOP01-DEL07-MT
653932,2025-01-08,quarta-feira,20:45:00,GO,452,15,RIO VERDE,Ingestão de álcool pelo condutor,Colisão traseira,Com Vítimas Feridas,Plena Noite,Decrescente,Nublado,Simples,Reta,Não,6,0,2,0,3,1,2,3,"-17,850208","-50,773083",SPRF-GO,DEL04-GO,UOP01-DEL04-GO
653933,2025-01-08,quarta-feira,16:40:00,RJ,116,98,GUAPIMIRIM,Avarias e/ou desgaste excessivo no pneu,Colisão frontal,Com Vítimas Feridas,Pleno dia,Decrescente,Chuva,Simples,Curva,Não,4,0,2,0,2,0,2,3,"-22,48285706","-42,99723936",SPRF-RJ,DEL04-RJ,UOP01-DEL04-RJ
653936,2025-01-08,quarta-feira,22:07:00,MT,163,1103,GUARANTA DO NORTE,Reação tardia ou ineficiente do condutor,Saída de leito carroçável,Com Vítimas Feridas,Plena Noite,Decrescente,Chuva,Simples,Curva;Declive,Não,2,0,1,0,0,1,1,2,"-9,644055","-54,879392",SPRF-MT,DEL06-MT,UOP03-DEL06-MT
653940,2025-01-08,quarta-feira,22:40:00,BA,116,"318,5",ARACI,Transitar na contramão,Colisão transversal,Com Vítimas Fatais,Plena Noite,Crescente,Céu Claro,Simples,Reta;Aclive,Não,2,1,0,0,1,0,0,2,"-11,31489323","-38,9451956",SPRF-BA,DEL02-BA,UOP01-DEL02-BA
653944,2025-01-09,quinta-feira,00:40:00,SP,116,228,SAO PAULO,Pedestre cruzava a pista fora da faixa,Atropelamento de Pedestre,Com Vítimas Fatais,Plena Noite,Decrescente,Nublado,Múltipla,Reta,Sim,3,1,0,0,1,1,0,3,"-23,50343484","-46,56638712",SPRF-SP,DEL01-SP,UOP01-DEL01-SP
653945,2025-01-08,quarta-feira,23:00:00,RJ,493,1,ITABORAI,Reação tardia ou ineficiente do condutor,Colisão traseira,Com Vítimas Fatais,Plena Noite,Crescente,Chuva,Simples,Reta,Sim,2,1,0,0,0,1,0,2,"-22,76937547","-42,9225111",SPRF-RJ,DEL02-RJ,UOP02-DEL02-RJ
653949,2025-01-08,quarta-feira,23:00:00,SC,101,"426,9",SOMBRIO,Pedestre andava na pista,Atropelamento de Pedestre,Com Vítimas Fatais,Plena Noite,Decrescente,Nublado,Múltipla,Reta,Não,3,1,0,0,1,1,0,3,"-29,03780487","-49,61011648",SPRF-SC,DEL02-SC,UOP02-DEL02-SC
653950,2025-01-09,quinta-feira,00:50:00,RS,290,164,BUTIA,Transitar na contramão,Colisão lateral sentido oposto,Com Vítimas Feridas,Plena Noite,Crescente,Céu Claro,Simples,Reta,Não,4,0,1,0,2,1,1,3,"-30,117533","-51,848679",SPRF-RS,DEL02-RS,UOP03-DEL02-RS
653952,2025-01-09,quinta-feira,00:10:00,SP,116,339,MIRACATU,Condutor Dormindo,Tombamento,Sem Vítimas,Plena Noite,Crescente,Garoa/Chuvisco,Dupla,Curva,Não,2,0,0,0,1,1,0,2,"-23,9983939","-47,14927316",SPRF-SP,DEL04-SP,UOP03-DEL04-SP
653953,2025-01-09,quinta-feira,02:50:00,PR,277,"722,5",FOZ DO IGUACU,Velocidade Incompatível,Saída de leito carroçável,Com Vítimas Feridas,Plena Noite,Crescente,Céu Claro,Dupla,Reta,Sim,1,0,1,0,0,0,1,1,"-25,49494908","-54,52095097",SPRF-PR,DEL05-PR,UOP03-DEL05-PR
653956,2025-01-09,quinta-feira,04:30:00,PR,116,19,ANTONINA,Ausência de reação do condutor,Colisão traseira,Com Vítimas Feridas,Amanhecer,Crescente,Garoa/Chuvisco,Dupla,Reta,Não,3,0,1,0,1,1,1,3,"-25,103087","-48,72037",SPRF-PR,DEL01-PR,UOP02-DEL01-PR
653957,2025-01-09,quinta-feira,04:00:00,MT,70,742,CACERES,Ausência de reação do condutor,Colisão traseira,Com Vítimas Feridas,Plena Noite,Decrescente,Nublado,Simples,Reta,Não,1,0,0,1,0,0,1,1,"-16,01875","-57,735366",SPRF-MT,DEL03-MT,UOP01-DEL03-MT
653960,2025-01-09,quinta-feira,03:50:00,MG,251,287,SALINAS,Reação tardia ou ineficiente do condutor,Colisão traseira,Com Vítimas Feridas,Plena Noite,Crescente,Garoa/Chuvisco,Simples,Declive;Reta,Não,3,0,2,0,0,1,2,2,"-16,03987431","-42,1366024",SPRF-MG,DEL12-MG,UOP02-DEL12-MG
653962,2025-01-09,quinta-feira,05:30:00,SP,116,210,GUARULHOS,Reação tardia ou ineficiente do condutor,Colisão traseira,Com Vítimas Feridas,Amanhecer,Crescente,Nublado,Dupla,Reta,Sim,3,0,1,0,2,0,1,2,"-23,42870023","-46,41085991",SPRF-SP,DEL01-SP,UOP01-DEL01-SP
653963,2025-01-09,quinta-feira,05:25:00,SC,470,"223,9",SAO CRISTOVAO DO SUL,Reação tardia ou ineficiente do condutor,Colisão lateral sentido oposto,Com Vítimas Feridas,Amanhecer,Decrescente,Garoa/Chuvisco,Simples,Curva;Declive,Não,3,0,0,1,1,1,1,3,"-27,319908","-50,336388",SPRF-SC,DEL05-SC,UOP03-DEL05-SC
653966,2025-01-08,quarta-feira,21:50:00,RS,285,630,SANTO ANTONIO DAS MISSOES,Demais falhas mecânicas ou elétricas,Incêndio,Sem Vítimas,Plena Noite,Crescente,Céu Claro,Simples,Reta,Não,2,0,0,0,1,3,0,4,"-28,554987","-55,574394",SPRF-RS,DEL12-RS,UOP01-DEL12-RS
653968,2025-01-09,quinta-feira,06:30:00,RS,293,"32,7",CAPAO DO LEAO,Demais falhas mecânicas ou elétricas,Incêndio,Sem Vítimas,Amanhecer,Decrescente,Sol,Simples,Aclive,Não,2,0,0,0,1,1,0,2,"-31,73056539","-52,64363696",SPRF-RS,DEL07-RS,UOP01-DEL07-RS
653972,2025-01-09,quinta-feira,00:27:00,RJ,116,172,SAO JOAO DE MERITI,Pedestre andava na pista,Atropelamento de Pedestre,Com Vítimas Fatais,Plena Noite,Decrescente,Chuva,Dupla,Reta,Sim,1,1,0,0,0,0,0,1,"-22,80188151","-43,35043673",SPRF-RJ,DEL06-RJ,UOP01-DEL06-RJ
653973,2025-01-09,quinta-feira,06:40:00,SP,116,380,MIRACATU,Ausência de reação do condutor,Saída de leito carroçável,Com Vítimas Feridas,Pleno dia,Crescente,Chuva,Dupla,Curva,Não,2,0,1,0,0,1,1,2,"-24,21753686","-47,36651776",SPRF-SP,DEL04-SP,UOP02-DEL04-SP
653982,2025-01-09,quinta-feira,07:00:00,MG,381,"479,5",CONTAGEM,Condutor deixou de manter distância do veículo da frente,Engavetamento,Com Vítimas Feridas,Pleno dia,Crescente,Céu Claro,Múltipla,Curva,Sim,6,0,1,0,4,2,1,7,"-19,95889605","-44,069202",SPRF-MG,DEL01-MG,UOP03-DEL01-MG
653984,2025-01-09,quinta-feira,08:00:00,PR,369,"93,5",CORNELIO PROCOPIO,Reação tardia ou ineficiente do condutor,Colisão lateral mesmo sentido,Com Vítimas Feridas,Pleno dia,Decrescente,Céu Claro,Dupla,Declive;Curva,Não,3,0,1,0,1,1,1,3,"-23,21309","-50,668571",SPRF-PR,DEL07-PR,UOP05-DEL07-PR
653987,2025-01-09,quinta-feira,05:00:00,MG,381,726,CARMO DA CACHOEIRA,Condutor Dormindo,Colisão lateral mesmo sentido,Com Vítimas Feridas,Amanhecer,Crescente,Céu Claro,Dupla,Aclive;Reta,Não,4,0,1,0,2,1,1,3,"-21,50846497","-45,21540331",SPRF-MG,DEL04-MG,UOP02-DEL04-MG
653991,2025-01-09,quinta-feira,08:40:00,RJ,116,204,QUEIMADOS,Ausência de reação do condutor,Colisão traseira,Com Vítimas Feridas,Pleno dia,Decrescente,Céu Claro,Múltipla,Reta,Sim,2,0,1,0,1,0,1,2,"-22,72895007","-43,63189001",SPRF-RJ,DEL06-RJ,UOP02-DEL06-RJ
653994,2025-01-09,quinta-feira,06:00:00,BA,101,839,VEREDA,Demais falhas mecânicas ou elétricas,Tombamento,Com Vítimas Feridas,Pleno dia,Crescente,Céu Claro,Simples,Declive;Curva,Não,1,0,1,0,0,0,1,1,"-17,2412357","-39,61927414",SPRF-BA,DEL09-BA,UOP02-DEL09-BA
654000,2025-01-09,quinta-feira,08:00:00,BA,242,622,MUQUEM DE SAO FRANCISCO,Pista Escorregadia,Colisão frontal,Com Vítimas Feridas,Pleno dia,Crescente,Garoa/Chuvisco,Simples,Curva,Não,4,0,0,2,1,2,2,4,"-12,13271191","-43,34998014",SPRF-BA,DEL10-BA,UOP01-DEL10-BA
654005,2025-01-09,quinta-feira,08:40:00,PR,158,"515,7",PATO BRANCO,Ultrapassagem Indevida,Colisão frontal,Com Vítimas Feridas,Pleno dia,Decrescente,Céu Claro,Simples,Curva,Não,9,0,1,0,7,1,1,6,"-26,08083773","-52,63961792",SPRF-PR,DEL02-PR,UOP01-DEL02-PR
654008,2025-01-09,quinta-feira,10:00:00,MG,40,"805,6",MATIAS BARBOSA,Ausência de reação do condutor,Colisão traseira,Com Vítimas Feridas,Pleno dia,Crescente,Chuva,Dupla,Reta,Não,4,0,1,1,1,2,2,4,"-21,86675609","-43,3644104",SPRF-MG,DEL05-MG,UOP01-DEL05-MG
654015,2025-01-09,quinta-feira,07:00:00,MA,230,82,SAO JOAO DOS PATOS,Transitar na contramão,Colisão frontal,Com Vítimas Fatais,Pleno dia,Crescente,Chuva,Simples,Curva,Não,3,1,0,1,0,1,1,2,"-6,48920826","-43,61979003",SPRF-PI,DEL03-PI,UOP01-DEL03-PI
654021,2025-01-09,quinta-feira,12:00:00,PR,163,259,TOLEDO,Ausência de reação do condutor,Saída de leito carroçável,Sem Vítimas,Pleno dia,Decrescente,Céu Claro,Dupla,Declive;Reta,Não,1,0,0,0,1,0,0,1,"-24,66605672","-53,81069279",SPRF-PR,DEL06-PR,UOP02-DEL06-PR
654023,2025-01-09,quinta-feira,13:30:00,MG,381,"364,5",SAO GONCALO DO RIO ABAIXO,Pista Escorregadia,Colisão frontal,Com Vítimas Feridas,Pleno dia,Crescente,Chuva,Simples,Curva;Declive,Não,5,0,1,2,1,1,3,3,"-19,84955579","-43,25424839",SPRF-MG,DEL03-MG,UOP01-DEL03-MG
654024,2025-01-09,quinta-feira,13:00:00,GO,20,"117,8",FLORES DE GOIAS,Ultrapassagem Indevida,Colisão frontal,Com Vítimas Feridas,Pleno dia,Decrescente,Chuva,Simples,Reta,Não,3,0,2,0,1,0,2,2,"-14,880402","-46,853172",SPRF-DF,DEL02-DF,UOP03-DEL02-DF
654025,2025-01-09,quinta-feira,12:50:00,MG,381,"552,1",ITAGUARA,Ausência de reação do condutor,Colisão traseira,Com Vítimas Feridas,Pleno dia,Decrescente,Chuva,Dupla,Declive;Reta,Não,4,0,2,0,1,1,2,2,"-20,33850122","-44,44215828",SPRF-MG,DEL04-MG,UOP03-DEL04-MG
654032,2025-01-09,quinta-feira,13:15:00,RJ,101,65,CAMPOS DOS GOYTACAZES,Condutor deixou de manter distância do veículo da frente,Colisão traseira,Com Vítimas Feridas,Pleno dia,Crescente,Nublado,Dupla,Reta,Sim,6,0,4,0,2,0,4,2,"-21,76090387","-41,34788959",SPRF-RJ,DEL08-RJ,UOP02-DEL08-RJ
654037,2025-01-09,quinta-feira,12:50:00,MT,364,508,ROSARIO OESTE,Chuva,Saída de leito carroçável,Com Vítimas Feridas,Pleno dia,Crescente,Chuva,Simples,Declive;Reta,Não,2,0,1,0,0,2,1,3,"-15,1273933","-56,5217",SPRF-MT,DEL01-MT,UOP01-DEL01-MT
654038,2025-01-09,quinta-feira,08:55:00,MG,381,322,NOVA ERA,Chuva,Saída de leito carroçável,Com Vítimas Feridas,Pleno dia,Crescente,Chuva,Simples,Curva,Não,2,0,0,1,0,2,1,3,"-19,73629395","-43,01849326",SPRF-MG,DEL03-MG,UOP02-DEL03-MG
654040,2025-01-09,quinta-feira,13:55:00,RS,290,"167,8",BUTIA,Ausência de reação do condutor,Engavetamento,Com Vítimas Feridas,Pleno dia,Crescente,Sol,Simples,Em Obras;Reta,Não,11,0,4,0,7,0,4,5,"-30,123198","-51,878967",SPRF-RS,DEL02-RS,UOP03-DEL02-RS
654042,2025-01-09,quinta-feira,15:10:00,PE,101,"77,3",RECIFE,Manobra de mudança de faixa,Colisão lateral mesmo sentido,Com Vítimas Feridas,Pleno dia,Crescente,Céu Claro,Dupla,Reta,Sim,3,0,1,0,1,1,1,3,"-8,126982","-34,94386",SPRF-PE,DEL01-PE,UOP01-DEL01-PE
654045,2025-01-09,quinta-feira,13:30:00,PR,476,"247,7",LAPA,Condutor Dormindo,Saída de leito carroçável,Com Vítimas Feridas,Pleno dia,Crescente,Céu Claro,Simples,Curva,Não,1,0,0,1,0,0,1,1,"-25,86396","-50,13271",SPRF-PR,DEL02-PR,UOP03-DEL02-PR
654048,2025-01-09,quinta-feira,10:15:00,MT,163,986,TERRA NOVA DO NORTE,Falta de acostamento,Saída de leito carroçável,Com Vítimas Feridas,Pleno dia,Decrescente,Garoa/Chuvisco,Simples,Reta,Não,2,0,1,0,0,3,1,4,"-10,60954074","-55,11175632",SPRF-MT,DEL06-MT,UOP03-DEL06-MT
654049,2025-01-09,quinta-feira,15:40:00,GO,158,199,CAIAPONIA,Reação tardia ou ineficiente do condutor,Tombamento,Com Vítimas Feridas,Pleno dia,Decrescente,Céu Claro,Múltipla,Curva;Declive,Não,2,0,1,0,0,2,1,3,"-17,30699095","-51,88400189",SPRF-GO,DEL05-GO,UOP01-DEL05-GO
654052,2025-01-09,quinta-feira,15:00:00,RJ,101,385,RIO DE JANEIRO,Condutor deixou de manter distância do veículo da frente,Colisão traseira,Com Vítimas Feridas,Pleno dia,Crescente,Nublado,Dupla,Reta,Sim,4,0,1,0,3,0,1,3,"-22,88064129","-43,63218994",SPRF-RJ,DEL03-RJ,UOP01-DEL03-RJ
654053,2025-01-09,quinta-feira,10:00:00,PA,316,195,SANTA LUZIA DO PARA,Entrada inopinada do pedestre,Atropelamento de Pedestre,Com Vítimas Fatais,Pleno dia,Decrescente,Nublado,Simples,Aclive,Não,2,1,0,0,1,0,0,2,"-1,50574836","-46,9155624",SPRF-PA,DEL01-PA,UOP03-DEL01-PA
654054,2025-01-09,quinta-feira,16:40:00,MG,40,"786,9",JUIZ DE FORA,Curva acentuada,Tombamento,Com Vítimas Feridas,Pleno dia,Decrescente,Nublado,Dupla,Curva,Não,6,0,3,1,1,1,4,3,"-21,75139026","-43,44522893",SPRF-MG,DEL05-MG,UOP01-DEL05-MG
654055,2025-01-09,quinta-feira,15:10:00,SC,101,113,ITAJAI,Condutor deixou de manter distância do veículo da frente,Colisão lateral mesmo sentido,Com Vítimas Feridas,Pleno dia,Decrescente,Céu Claro,Múltipla,Reta,Não,3,0,1,0,1,1,1,3,"-26,85311393","-48,72689927",SPRF-SC,DEL04-SC,UOP04-DEL04-SC
654056,2025-01-09,quinta-feira,17:00:00,RS,386,"343,7",LAJEADO,Condutor deixou de manter distância do veículo da frente,Colisão traseira,Com Vítimas Feridas,Pleno dia,Crescente,Céu Claro,Dupla,Reta,Sim,2,0,1,0,1,0,1,2,"-29,434835","-52,002365",SPRF-RS,DEL04-RS,UOP01-DEL04-RS
654063,2025-01-09,quinta-feira,16:14:00,MS,163,"527,9",JARAGUARI,Reação tardia ou ineficiente do condutor,Colisão traseira,Com Vítimas Feridas,Pleno dia,Crescente,Céu Claro,Simples,Aclive;Reta,Não,6,0,2,0,3,1,2,3,"-20,100502","-54,4392",SPRF-MS,DEL01-MS,UOP02-DEL01-MS
654064,2025-01-09,quinta-feira,12:30:00,MS,163,"478,6",CAMPO GRANDE,Carga excessiva e/ou mal acondicionada,Derramamento de carga,Com Vítimas Feridas,Pleno dia,Crescente,Céu Claro,Simples,Reta,Sim,2,0,1,0,1,0,1,2,"-20,49082","-54,55919",SPRF-MS,DEL01-MS,UOP01-DEL01-MS
654066,2025-01-09,quinta-feira,15:40:00,PR,153,"144,6",VENTANIA,Reação tardia ou ineficiente do condutor,Colisão lateral sentido oposto,Com Vítimas Feridas,Pleno dia,Decrescente,Garoa/Chuvisco,Simples,Curva,Não,4,0,0,1,2,1,1,3,"-24,1186361","-50,24054206",SPRF-PR,DEL07-PR,UOP04-DEL07-PR
654068,2025-01-09,quinta-feira,16:30:00,RO,364,"322,6",JI-PARANA,Ultrapassagem Indevida,Colisão frontal,Com Vítimas Feridas,Pleno dia,Decrescente,Céu Claro,Simples,Declive;Reta,Não,6,0,0,1,4,1,1,4,"-11,052855","-61,92995",SPRF-RO,DEL02-RO,UOP01-DEL02-RO
654077,2025-01-09,quinta-feira,17:40:00,MA,135,7,SAO LUIS,Demais falhas mecânicas ou elétricas,Colisão com objeto,Com Vítimas Feridas,Anoitecer,Crescente,Nublado,Dupla,Reta;Declive,Sim,4,0,1,0,1,2,1,4,"-2,63608835","-44,26848552",SPRF-MA,DEL01-MA,UOP01-DEL01-MA
654078,2025-01-09,quinta-feira,18:15:00,RS,386,"298,8",POUSO NOVO,Condutor deixou de manter distância do veículo da frente,Colisão traseira,Com Vítimas Feridas,Pleno dia,Crescente,Céu Claro,Simples,Reta,Não,14,0,1,0,12,1,1,8,"-29,159327","-52,226838",SPRF-RS,DEL04-RS,UOP01-DEL04-RS
654079,2025-01-09,quinta-feira,11:55:00,PE,407,"27,5",AFRANIO,Velocidade Incompatível,Colisão frontal,Com Vítimas Fatais,Pleno dia,Crescente,Chuva,Simples,Curva;Declive,Não,4,1,1,0,1,2,1,5,"-8,647543","-40,971237",SPRF-PE,DEL06-PE,UOP02-DEL06-PE
654083,2025-01-09,quinta-feira,16:00:00,SP,116,47,CANAS,Velocidade Incompatível,Engavetamento,Com Vítimas Feridas,Pleno dia,Crescente,Garoa/Chuvisco,Múltipla,Reta,Não,6,0,1,1,3,1,2,6,"-22,71946606","-45,06109596",SPRF-SP,DEL08-SP,UOP02-DEL08-SP
654104,2025-01-09,quinta-feira,16:30:00,RJ,493,88,SEROPEDICA,Reação tardia ou ineficiente do condutor,Colisão traseira,Com Vítimas Feridas,Pleno dia,Crescente,Chuva,Dupla,Retorno Regulamentado;Reta,Não,3,0,1,0,1,3,1,5,"-22,67012919","-43,64843488",SPRF-RJ,DEL01-RJ,UOP03-DEL01-RJ
654114,2025-01-09,quinta-feira,22:00:00,MG,40,"728,8",OLIVEIRA FORTES,Demais falhas mecânicas ou elétricas,Tombamento,Com Vítimas Feridas,Plena Noite,Crescente,Chuva,Dupla,Curva,Não,2,0,1,0,0,1,1,2,"-21,34564169","-43,58252585",SPRF-MG,DEL05-MG,UOP01-DEL05-MG
654115,2025-01-09,quinta-feira,21:31:00,PR,369,"438,1",UBIRATA,Acesso irregular,Colisão frontal,Com Vítimas Feridas,Plena Noite,Crescente,Céu Claro,Simples,Reta,Sim,5,0,2,0,2,1,2,3,"-24,54731836","-53,04233551",SPRF-PR,DEL04-PR,UOP03-DEL04-PR
654119,2025-01-09,quinta-feira,22:00:00,MG,40,"815,3",SIMAO PEREIRA,Curva acentuada,Tombamento,Com Vítimas Feridas,Plena Noite,Decrescente,Nublado,Dupla,Curva,Não,1,0,1,0,0,0,1,1,"-21,91933565","-43,32317233",SPRF-MG,DEL05-MG,UOP01-DEL05-MG
654126,2025-01-09,quinta-feira,23:50:00,MG,40,460,SETE LAGOAS,Reação tardia ou ineficiente do condutor,Colisão traseira,Com Vítimas Feridas,Plena Noite,Crescente,Nublado,Dupla,Declive;Reta,Sim,2,0,1,0,1,0,1,2,"-19,39770694","-44,33528916",SPRF-MG,DEL02-MG,UOP01-DEL02-MG
654127,2025-01-09,quinta-feira,19:05:00,SP,116,512,CAJATI,Reação tardia ou ineficiente do condutor,Tombamento,Com Vítimas Fatais,Plena Noite,Decrescente,Nublado,Dupla,Aclive;Curva,Não,2,1,0,0,0,1,0,2,"-24,84304306","-48,22027915",SPRF-SP,DEL05-SP,UOP02-DEL05-SP
654133,2025-01-10,sexta-feira,00:30:00,MG,153,122,PRATA,Velocidade Incompatível,Colisão traseira,Com Vítimas Feridas,Plena Noite,Crescente,Nublado,Dupla,Declive;Reta,Não,6,0,3,0,1,2,3,6,"-19,41979487","-48,88955245",SPRF-MG,DEL15-MG,UOP03-DEL15-MG
654135,2025-01-10,sexta-feira,03:05:00,SP,116,57,GUARATINGUETA,Ausência de reação do condutor,Colisão traseira,Sem Vítimas,Plena Noite,Decrescente,Céu Claro,Dupla,Reta,Sim,3,0,0,0,2,2,0,4,"-22,77454618","-45,13807087",SPRF-SP,DEL08-SP,UOP01-DEL08-SP
654138,2025-01-10,sexta-feira,02:00:00,BA,242,682,MUQUEM DE SAO FRANCISCO,Velocidade Incompatível,Tombamento,Com Vítimas Feridas,Plena Noite,Decrescente,Chuva,Simples,Curva;Declive,Não,2,0,0,1,0,1,1,2,"-12,22921566","-43,83424759",SPRF-BA,DEL10-BA,UOP01-DEL10-BA
654141,2025-01-09,quinta-feira,01:30:00,MG,365,"62,5",JEQUITAI,Velocidade Incompatível,Tombamento,Com Vítimas Feridas,Plena Noite,Decrescente,Chuva,Simples,Reta,Não,2,0,1,0,0,1,1,2,"-17,02504891","-44,30279212",SPRF-MG,DEL12-MG,UOP01-DEL12-MG
654142,2025-01-09,quinta-feira,13:50:00,BA,324,"417,7",NOVA FATIMA,Reação tardia ou ineficiente do condutor,Colisão lateral sentido oposto,Com Vítimas Feridas,Pleno dia,Decrescente,Céu Claro,Simples,Declive,Não,3,0,1,0,1,1,1,3,"-11,6880072","-39,54413619",SPRF-BA,DEL04-BA,UOP02-DEL04-BA
654144,2025-01-10,sexta-feira,05:50:00,MG,381,907,CAMBUI,Velocidade Incompatível,Colisão lateral mesmo sentido,Com Vítimas Feridas,Amanhecer,Crescente,Nublado,Dupla,Aclive;Curva,Não,3,0,1,0,1,1,1,3,"-22,67431177","-46,0973822",SPRF-MG,DEL16-MG,UOP03-DEL16-MG
654145,2025-01-10,sexta-feira,05:40:00,MG,381,483,BETIM,Velocidade Incompatível,Capotamento,Com Vítimas Fatais,Amanhecer,Crescente,Nublado,Dupla,Curva;Declive,Sim,2,1,0,0,0,1,0,2,"-19,95763335","-44,07925308",SPRF-MG,DEL01-MG,UOP03-DEL01-MG
654149,2025-01-09,quinta-feira,22:00:00,BA,101,771,ITAMARAJU,Chuva,Tombamento,Sem Vítimas,Plena Noite,Crescente,Chuva,Simples,Curva;Declive,Não,1,0,0,0,1,0,0,1,"-16,91561807","-39,52897099",SPRF-BA,DEL09-BA,UOP01-DEL09-BA
654150,2025-01-10,sexta-feira,01:30:00,BA,116,646,JAGUAQUARA,Chuva,Saída de leito carroçável,Com Vítimas Feridas,Plena Noite,Crescente,Chuva,Simples,Reta,Não,2,0,1,0,0,1,1,2,"-13,58007199","-40,08034578",SPRF-BA,DEL03-BA,UOP01-DEL03-BA
654153,2025-01-10,sexta-feira,07:10:00,DF,40,"1,5",BRASILIA,Pista Escorregadia,Saída de leito carroçável,Sem Vítimas,Pleno dia,Crescente,Céu Claro,Dupla,Reta,Sim,1,0,0,0,1,0,0,1,"-15,985532","-47,987747",SPRF-DF,DEL01-DF,UOP01-DEL01-DF
654154,2025-01-10,sexta-feira,06:20:00,MA,135,"13,7",SAO LUIS,Frear bruscamente,Colisão traseira,Com Vítimas Feridas,Amanhecer,Crescente,Nublado,Dupla,Declive,Sim,4,0,2,1,1,0,3,2,"-2,68053538","-44,29512283",SPRF-MA,DEL01-MA,UOP01-DEL01-MA
654163,2025-01-10,sexta-feira,06:40:00,PR,376,305,MAUA DA SERRA,Velocidade Incompatível,Tombamento,Com Vítimas Feridas,Pleno dia,Decrescente,Céu Claro,Dupla,Curva,Não,2,0,0,1,0,1,1,2,"-23,96167303","-51,11499389",SPRF-PR,DEL07-PR,UOP02-DEL07-PR
654168,2025-01-10,sexta-feira,07:30:00,RS,386,280,SAO JOSE DO HERVAL,Reação tardia ou ineficiente do condutor,Capotamento,Com Vítimas Feridas,Pleno dia,Decrescente,Céu Claro,Simples,Reta,Não,2,0,1,0,0,1,1,2,"-29,025167","-52,311798",SPRF-RS,DEL04-RS,UOP03-DEL04-RS
654170,2025-01-10,sexta-feira,07:00:00,MT,163,808,SINOP,Reação tardia ou ineficiente do condutor,Colisão traseira,Sem Vítimas,Pleno dia,Crescente,Chuva,Simples,Curva,Não,2,0,0,0,2,0,0,2,"-12,09924903","-55,51786423",SPRF-MT,DEL06-MT,UOP02-DEL06-MT
654175,2025-01-10,sexta-feira,06:10:00,BA,101,"589,9",CAMACAN,Velocidade Incompatível,Colisão frontal,Com Vítimas Feridas,Pleno dia,Crescente,Chuva,Simples,Curva,Não,4,0,1,0,3,0,1,2,"-15,426887","-39,448864",SPRF-BA,DEL05-BA,UOP02-DEL05-BA
654179,2025-01-10,sexta-feira,04:40:00,RJ,116,309,RESENDE,Transitar na contramão,Colisão frontal,Com Vítimas Fatais,Amanhecer,Crescente,Céu Claro,Dupla,Reta,Sim,2,1,1,0,0,0,1,2,"-22,45852838","-44,42672997",SPRF-RJ,DEL07-RJ,UOP02-DEL07-RJ
654181,2025-01-10,sexta-feira,04:40:00,MG,262,"110,2",RIO CASCA,Velocidade Incompatível,Saída de leito carroçável,Com Vítimas Feridas,Plena Noite,Crescente,Ignorado,Simples,Curva,Não,1,0,0,1,0,0,1,1,"-20,2679944","-42,5888443",SPRF-MG,DEL03-MG,UOP03-DEL03-MG
654182,2025-01-10,sexta-feira,09:15:00,PR,376,4,APUCARANA,Acessar a via sem observar a presença dos outros veículos,Colisão transversal,Sem Vítimas,Pleno dia,Crescente,Céu Claro,Simples,Reta;Declive,Sim,3,0,0,0,3,0,0,2,"-23,5513","-51,461266",SPRF-PR,DEL07-PR,UOP03-DEL07-PR
654184,2025-01-10,sexta-feira,08:10:00,MT,158,714,BARRA DO GARCAS,Ausência de reação do condutor,Colisão lateral sentido oposto,Com Vítimas Feridas,Pleno dia,Crescente,Nublado,Simples,Reta,Não,2,0,1,1,0,0,2,2,"-15,17297091","-52,1835688",SPRF-MT,DEL07-MT,UOP01-DEL07-MT
654191,2025-01-10,sexta-feira,07:00:00,RJ,40,115,DUQUE DE CAXIAS,Reação tardia ou ineficiente do condutor,Colisão traseira,Com Vítimas Feridas,Pleno dia,Crescente,Nublado,Múltipla,Reta,Sim,6,0,1,0,2,3,1,5,"-22,72756999","-43,2891609",SPRF-RJ,DEL01-RJ,UOP02-DEL01-RJ
654199,2025-01-10,sexta-feira,09:00:00,PB,412,93,SERRA BRANCA,Manobra de mudança de faixa,Colisão frontal,Com Vítimas Fatais,Pleno dia,Decrescente,Céu Claro,Simples,Reta,Não,2,1,0,0,1,0,0,2,"-7,579538","-36,786976",SPRF-PB,DEL02-PB,UOP02-DEL02-PB
654205,2025-01-10,sexta-feira,09:40:00,RJ,393,"286,1",VOLTA REDONDA,Reação tardia ou ineficiente do condutor,Colisão traseira,Com Vítimas Feridas,Pleno dia,Crescente,Sol,Simples,Reta,Sim,2,0,1,0,1,0,1,2,"-22,49133996","-44,06505619",SPRF-RJ,DEL05-RJ,UOP04-DEL05-RJ
654206,2025-01-10,sexta-feira,10:50:00,PI,402,3,BURITI DOS LOPES,Curva acentuada,Tombamento,Com Vítimas Feridas,Pleno dia,Crescente,Céu Claro,Simples,Curva,Não,3,0,1,1,1,0,2,2,"-3,10468586","-41,87730694",SPRF-PI,DEL05-PI,UOP01-DEL05-PI
654216,2025-01-10,sexta-feira,09:20:00,SC,116,"253,9",LAGES,Manobra de mudança de faixa,Colisão frontal,Com Vítimas Fatais,Pleno dia,Crescente,Céu Claro,Simples,Reta,Não,4,1,1,0,1,1,1,4,"-27,8659782","-50,39451241",SPRF-SC,DEL05-SC,UOP02-DEL05-SC
654217,2025-01-10,sexta-feira,10:15:00,MG,251,355,PADRE CARVALHO,Reação tardia ou ineficiente do condutor,Colisão traseira,Com Vítimas Feridas,Pleno dia,Crescente,Nublado,Simples,Curva;Declive,Não,42,0,2,0,39,1,2,3,"-16,26556781","-42,56697499",SPRF-MG,DEL12-MG,UOP02-DEL12-MG
654227,2025-01-10,sexta-feira,14:15:00,ES,101,"210,8",IBIRACU,Reação tardia ou ineficiente do condutor,Colisão com objeto,Com Vítimas Fatais,Pleno dia,Decrescente,Chuva,Simples,Aclive;Reta,Sim,5,1,2,1,0,1,3,3,"-19,798437","-40,36982",SPRF-ES,DEL02-ES,UOP01-DEL02-ES
654230,2025-01-10,sexta-feira,14:30:00,SE,101,"17,6",SAO FRANCISCO,Retorno proibido,Colisão lateral mesmo sentido,Sem Vítimas,Pleno dia,Crescente,Nublado,Dupla,Retorno Regulamentado;Reta,Não,7,0,0,0,7,0,0,2,"-10,34333325","-36,89661741",SPRF-SE,DEL02-SE,UOP02-DEL02-SE
654233,2025-01-10,sexta-feira,05:30:00,MA,222,540,BOM JESUS DAS SELVAS,Velocidade Incompatível,Tombamento,Com Vítimas Feridas,Amanhecer,Decrescente,Céu Claro,Simples,Declive;Curva,Não,2,0,1,0,0,1,1,2,"-4,30740999","-46,56154001",SPRF-MA,DEL04-MA,UOP03-DEL04-MA
654236,2025-01-10,sexta-feira,13:57:00,RS,116,268,CANOAS,Manobra de mudança de faixa,Colisão traseira,Com Vítimas Feridas,Pleno dia,Crescente,Céu Claro,Dupla,Reta,Sim,4,0,2,0,2,0,2,2,"-29,95042502","-51,17652939",SPRF-RS,DEL01-RS,UOP01-DEL01-RS
654244,2025-01-10,sexta-feira,15:15:00,GO,414,"356,7",COCALZINHO DE GOIAS,Transitar na contramão,Colisão frontal,Com Vítimas Fatais,Pleno dia,Crescente,Nublado,Simples,Curva,Sim,5,1,0,0,2,3,0,6,"-15,67095314","-48,70053113",SPRF-GO,DEL02-GO,UOP01-DEL02-GO
654247,2025-01-10,sexta-feira,15:20:00,SE,235,24,LARANJEIRAS,Chuva,Colisão frontal,Com Vítimas Feridas,Pleno dia,Decrescente,Chuva,Simples,Reta,Não,2,0,1,1,0,0,2,2,"-10,813502","-37,250896",SPRF-SE,DEL01-SE,UOP02-DEL01-SE
654248,2025-01-10,sexta-feira,15:00:00,BA,101,"46,2",ESPLANADA,Condutor deixou de manter distância do veículo da frente,Colisão com objeto,Com Vítimas Feridas,Pleno dia,Crescente,Chuva,Simples,Desvio Temporário,Não,3,0,2,1,0,0,3,2,"-11,88660088","-38,02732004",SPRF-SE,DEL02-SE,UOP03-DEL02-SE
654249,2025-01-10,sexta-feira,14:15:00,MS,163,"206,5",CAARAPO,Ausência de reação do condutor,Saída de leito carroçável,Com Vítimas Feridas,Pleno dia,Decrescente,Céu Claro,Simples,Reta,Não,2,0,1,0,0,2,1,3,"-22,65390994","-54,80646392",SPRF-MS,DEL04-MS,UOP02-DEL04-MS
654250,2025-01-10,sexta-feira,16:30:00,SE,101,"193,5",CRISTINAPOLIS,Velocidade Incompatível,Colisão transversal,Com Vítimas Feridas,Pleno dia,Crescente,Chuva,Simples,Curva,Não,2,0,0,1,1,0,1,2,"-11,44262788","-37,73258333",SPRF-SE,DEL02-SE,UOP03-DEL02-SE
654274,2025-01-10,sexta-feira,17:45:00,RS,116,"521,5",PELOTAS,Reação tardia ou ineficiente do condutor,Colisão lateral mesmo sentido,Com Vítimas Feridas,Pleno dia,Decrescente,Céu Claro,Dupla,Reta,Não,3,0,1,0,1,1,1,3,"-31,714441","-52,374715",SPRF-RS,DEL07-RS,UOP01-DEL07-RS
654275,2025-01-10,sexta-feira,17:30:00,CE,222,40,SAO GONCALO DO AMARANTE,Condutor deixou de manter distância do veículo da frente,Colisão traseira,Com Vítimas Feridas,Pleno dia,Crescente,Céu Claro,Simples,Reta,Não,2,0,2,0,0,0,2,2,"-3,68690023","-38,90730706",SPRF-CE,DEL01-CE,UOP03-DEL01-CE
654283,2025-01-10,sexta-feira,16:00:00,AL,101,"247,4",PORTO REAL DO COLEGIO,Condutor deixou de manter distância do veículo da frente,Colisão lateral mesmo sentido,Sem Vítimas,Pleno dia,Decrescente,Chuva,Dupla,Curva,Não,3,0,0,0,1,2,0,3,"-10,19937283","-36,82059635",SPRF-AL,DEL02-AL,UOP02-DEL02-AL
654284,2025-01-10,sexta-feira,14:00:00,MT,163,707,SORRISO,Ingestão de álcool pelo condutor,Colisão transversal,Sem Vítimas,Pleno dia,Decrescente,Chuva,Simples,Reta,Não,3,0,0,0,2,3,0,5,"-13,02951905","-55,89811787",SPRF-MT,DEL06-MT,UOP01-DEL06-MT
654291,2025-01-10,sexta-feira,09:00:00,CE,116,"524,8",JATI,Chuva,Colisão lateral sentido oposto,Com Vítimas Fatais,Pleno dia,Decrescente,Chuva,Simples,Curva;Declive,Não,4,1,1,1,1,0,2,2,"-7,64286","-39,02366",SPRF-CE,DEL05-CE,UOP03-DEL05-CE
654302,2025-01-10,sexta-feira,20:51:00,MS,163,"680,4",RIO VERDE DE MATO GROSSO,Acessar a via sem observar a presença dos outros veículos,Colisão transversal,Com Vítimas Feridas,Plena Noite,Crescente,Céu Claro,Simples,Interseção de Vias,Sim,3,0,0,1,1,3,1,5,"-18,92417173","-54,83538529",SPRF-MS,DEL06-MS,UOP02-DEL06-MS
654306,2025-01-10,sexta-feira,20:00:00,SC,116,54,PAPANDUVA,Conversão proibida,Colisão transversal,Com Vítimas Feridas,Plena Noite,Decrescente,Céu Claro,Simples,Reta,Não,3,0,1,0,1,1,1,3,"-26,39448417","-50,16480003",SPRF-SC,DEL06-SC,UOP02-DEL06-SC
654307,2025-01-10,sexta-feira,20:55:00,SE,101,20,MALHADA DOS BOIS,Manobra de mudança de faixa,Colisão traseira,Sem Vítimas,Plena Noite,Crescente,Céu Claro,Dupla,Reta,Não,3,0,0,0,1,2,0,3,"-10,36128499","-36,90821202",SPRF-SE,DEL02-SE,UOP02-DEL02-SE
654309,2025-01-10,sexta-feira,20:30:00,SC,280,"126,6",RIO NEGRINHO,Acessar a via sem observar a presença dos outros veículos,Colisão transversal,Com Vítimas Feridas,Plena Noite,Crescente,Céu Claro,Simples,Interseção de Vias,Sim,4,0,1,0,1,2,1,4,"-26,2390368","-49,50104713",SPRF-SC,DEL06-SC,UOP03-DEL06-SC
654316,2025-01-10,sexta-feira,18:00:00,SC,116,115,SANTA CECILIA,Velocidade Incompatível,Saída de leito carroçável,Com Vítimas Feridas,Pleno dia,Decrescente,Nublado,Simples,Curva;Declive,Não,2,0,0,1,0,1,1,2,"-26,80262399","-50,33936901",SPRF-SC,DEL06-SC,UOP02-DEL06-SC
654320,2025-01-10,sexta-feira,22:20:00,BA,101,728,EUNAPOLIS,Pista Escorregadia,Colisão com objeto,Com Vítimas Feridas,Plena Noite,Crescente,Nublado,Simples,Reta,Não,3,0,1,0,1,1,1,2,"-16,41122195","-39,58803177",SPRF-BA,DEL09-BA,UOP01-DEL09-BA
654322,2025-01-10,sexta-feira,23:25:00,SP,116,"209,9",GUARULHOS,Ausência de reação do condutor,Colisão com objeto,Com Vítimas Feridas,Plena Noite,Decrescente,Nublado,Dupla,Declive,Sim,1,0,1,0,0,0,1,1,"-23,42511799","-46,40221101",SPRF-SP,DEL01-SP,UOP01-DEL01-SP
654323,2025-01-10,sexta-feira,22:15:00,GO,20,211,POSSE,Condutor Dormindo,Tombamento,Com Vítimas Feridas,Plena Noite,Decrescente,Garoa/Chuvisco,Simples,Aclive;Curva,Não,7,0,1,0,4,3,1,5,"-14,266476","-46,37154",SPRF-DF,DEL02-DF,UOP03-DEL02-DF
654325,2025-01-11,sábado,01:00:00,TO,153,697,CARIRI DO TOCANTINS,Animais na Pista,Atropelamento de Animal,Com Vítimas Feridas,Plena Noite,Crescente,Nublado,Simples,Reta,Não,7,0,6,0,0,1,6,2,"-11,9282522","-49,18389058",SPRF-TO,DEL01-TO,UOP02-DEL01-TO
654326,2025-01-10,sexta-feira,22:40:00,MG,116,"658,5",SAO FRANCISCO DO GLORIA,Ausência de reação do condutor,Saída de leito carroçável,Com Vítimas Feridas,Plena Noite,Crescente,Céu Claro,Simples,Reta,Não,2,0,0,1,1,0,1,1,"-20,77782186","-42,30072593",SPRF-MG,DEL07-MG,UOP02-DEL07-MG
654328,2025-01-10,sexta-feira,23:00:00,MG,381,942,EXTREMA,Velocidade Incompatível,Colisão lateral mesmo sentido,Com Vítimas Feridas,Plena Noite,Decrescente,Nublado,Dupla,Aclive;Reta,Não,5,0,1,0,3,2,1,4,"-22,84803509","-46,33447863",SPRF-MG,DEL16-MG,UOP03-DEL16-MG